2026-05-24 00:03:35 [main] INFO  server.dao.ConnectDatabase - Kết nối database thành công
2026-05-24 00:03:35 [main] INFO  server.AppServer - [SERVER] Kết nối database thành công
2026-05-24 00:03:35 [main] INFO  server.AppServer - [SERVER] Server đấu giá đang chạy trên port 8080...
2026-05-24 00:03:41 [Thread-1] INFO  server.dao.UserDAO - Người dùng b1 xác thực thành công
2026-05-24 00:05:34 [main] INFO  server.dao.ConnectDatabase - Kết nối database thành công
2026-05-24 00:05:34 [main] INFO  server.AppServer - [SERVER] Kết nối database thành công
2026-05-24 00:05:34 [main] INFO  server.AppServer - [SERVER] Server đấu giá đang chạy trên port 8080...
2026-05-24 00:05:40 [Thread-1] INFO  server.dao.UserDAO - Người dùng b1 xác thực thành công
2026-05-24 00:23:46 [main] INFO  server.dao.ConnectDatabase - Kết nối database thành công
2026-05-24 00:23:46 [main] INFO  server.AppServer - [SERVER] Kết nối database thành công
2026-05-24 00:23:46 [main] INFO  server.AppServer - [SERVER] Server đấu giá đang chạy trên port 8080...
2026-05-24 00:23:52 [Thread-1] INFO  server.dao.UserDAO - Người dùng b1 xác thực thành công
2026-05-24 00:23:54 [Thread-1] WARN  server.ClientHandler - Hành động không xác định GET_MY_WON_PRODUCTS
2026-05-24 00:23:55 [Timer-0] ERROR server.dao.RoomDAO - Lỗi SQL khi lấy danh sách phòng ACTIVE
java.sql.SQLException: database connection closed
	at org.sqlite.SQLiteConnection.checkOpen(SQLiteConnection.java:418)
	at org.sqlite.jdbc4.JDBC4Connection.prepareStatement(JDBC4Connection.java:31)
	at org.sqlite.jdbc3.JDBC3Connection.prepareStatement(JDBC3Connection.java:225)
	at org.sqlite.jdbc3.JDBC3Connection.prepareStatement(JDBC3Connection.java:205)
	at server.dao.RoomDAO.getActiveRooms(RoomDAO.java:154)
	at server.AppServer$1.run(AppServer.java:69)
	at java.base/java.util.TimerThread.mainLoop(Timer.java:572)
	at java.base/java.util.TimerThread.run(Timer.java:522)
2026-05-24 00:23:56 [Timer-0] ERROR server.dao.RoomDAO - Lỗi SQL khi lấy danh sách phòng ACTIVE
java.sql.SQLException: database connection closed
	at org.sqlite.SQLiteConnection.checkOpen(SQLiteConnection.java:418)
	at org.sqlite.jdbc4.JDBC4Connection.prepareStatement(JDBC4Connection.java:31)
	at org.sqlite.jdbc3.JDBC3Connection.prepareStatement(JDBC3Connection.java:225)
	at org.sqlite.jdbc3.JDBC3Connection.prepareStatement(JDBC3Connection.java:205)
	at server.dao.RoomDAO.getActiveRooms(RoomDAO.java:154)
	at server.AppServer$1.run(AppServer.java:69)
	at java.base/java.util.TimerThread.mainLoop(Timer.java:572)
	at java.base/java.util.TimerThread.run(Timer.java:522)
2026-05-24 00:23:56 [Thread-1] WARN  server.ClientHandler - Hành động không xác định GET_MY_WON_PRODUCTS
2026-05-24 00:23:57 [Timer-0] ERROR server.dao.RoomDAO - Lỗi SQL khi lấy danh sách phòng ACTIVE
java.sql.SQLException: database connection closed
	at org.sqlite.SQLiteConnection.checkOpen(SQLiteConnection.java:418)
	at org.sqlite.jdbc4.JDBC4Connection.prepareStatement(JDBC4Connection.java:31)
	at org.sqlite.jdbc3.JDBC3Connection.prepareStatement(JDBC3Connection.java:225)
	at org.sqlite.jdbc3.JDBC3Connection.prepareStatement(JDBC3Connection.java:205)
	at server.dao.RoomDAO.getActiveRooms(RoomDAO.java:154)
	at server.AppServer$1.run(AppServer.java:69)
	at java.base/java.util.TimerThread.mainLoop(Timer.java:572)
	at java.base/java.util.TimerThread.run(Timer.java:522)
2026-05-24 00:23:58 [Thread-1] WARN  server.ClientHandler - Hành động không xác định GET_MY_WON_PRODUCTS
2026-05-24 00:23:58 [Timer-0] ERROR server.dao.RoomDAO - Lỗi SQL khi lấy danh sách phòng ACTIVE
java.sql.SQLException: database connection closed
	at org.sqlite.SQLiteConnection.checkOpen(SQLiteConnection.java:418)
	at org.sqlite.jdbc4.JDBC4Connection.prepareStatement(JDBC4Connection.java:31)
	at org.sqlite.jdbc3.JDBC3Connection.prepareStatement(JDBC3Connection.java:225)
	at org.sqlite.jdbc3.JDBC3Connection.prepareStatement(JDBC3Connection.java:205)
	at server.dao.RoomDAO.getActiveRooms(RoomDAO.java:154)
	at server.AppServer$1.run(AppServer.java:69)
	at java.base/java.util.TimerThread.mainLoop(Timer.java:572)
	at java.base/java.util.TimerThread.run(Timer.java:522)
2026-05-24 00:23:58 [Thread-1] WARN  server.ClientHandler - Hành động không xác định GET_MY_WON_PRODUCTS
2026-05-24 00:23:59 [Thread-1] WARN  server.ClientHandler - Hành động không xác định GET_MY_WON_PRODUCTS
2026-05-24 00:23:59 [Timer-0] ERROR server.dao.RoomDAO - Lỗi SQL khi lấy danh sách phòng ACTIVE
java.sql.SQLException: database connection closed
	at org.sqlite.SQLiteConnection.checkOpen(SQLiteConnection.java:418)
	at org.sqlite.jdbc4.JDBC4Connection.prepareStatement(JDBC4Connection.java:31)
	at org.sqlite.jdbc3.JDBC3Connection.prepareStatement(JDBC3Connection.java:225)
	at org.sqlite.jdbc3.JDBC3Connection.prepareStatement(JDBC3Connection.java:205)
	at server.dao.RoomDAO.getActiveRooms(RoomDAO.java:154)
	at server.AppServer$1.run(AppServer.java:69)
	at java.base/java.util.TimerThread.mainLoop(Timer.java:572)
	at java.base/java.util.TimerThread.run(Timer.java:522)
2026-05-24 00:24:00 [Timer-0] ERROR server.dao.RoomDAO - Lỗi SQL khi lấy danh sách phòng ACTIVE
java.sql.SQLException: database connection closed
	at org.sqlite.SQLiteConnection.checkOpen(SQLiteConnection.java:418)
	at org.sqlite.jdbc4.JDBC4Connection.prepareStatement(JDBC4Connection.java:31)
	at org.sqlite.jdbc3.JDBC3Connection.prepareStatement(JDBC3Connection.java:225)
	at org.sqlite.jdbc3.JDBC3Connection.prepareStatement(JDBC3Connection.java:205)
	at server.dao.RoomDAO.getActiveRooms(RoomDAO.java:154)
	at server.AppServer$1.run(AppServer.java:69)
	at java.base/java.util.TimerThread.mainLoop(Timer.java:572)
	at java.base/java.util.TimerThread.run(Timer.java:522)
2026-05-24 00:24:01 [Timer-0] ERROR server.dao.RoomDAO - Lỗi SQL khi lấy danh sách phòng ACTIVE
java.sql.SQLException: database connection closed
	at org.sqlite.SQLiteConnection.checkOpen(SQLiteConnection.java:418)
	at org.sqlite.jdbc4.JDBC4Connection.prepareStatement(JDBC4Connection.java:31)
	at org.sqlite.jdbc3.JDBC3Connection.prepareStatement(JDBC3Connection.java:225)
	at org.sqlite.jdbc3.JDBC3Connection.prepareStatement(JDBC3Connection.java:205)
	at server.dao.RoomDAO.getActiveRooms(RoomDAO.java:154)
	at server.AppServer$1.run(AppServer.java:69)
	at java.base/java.util.TimerThread.mainLoop(Timer.java:572)
	at java.base/java.util.TimerThread.run(Timer.java:522)
2026-05-24 00:24:02 [Timer-0] ERROR server.dao.RoomDAO - Lỗi SQL khi lấy danh sách phòng ACTIVE
java.sql.SQLException: database connection closed
	at org.sqlite.SQLiteConnection.checkOpen(SQLiteConnection.java:418)
	at org.sqlite.jdbc4.JDBC4Connection.prepareStatement(JDBC4Connection.java:31)
	at org.sqlite.jdbc3.JDBC3Connection.prepareStatement(JDBC3Connection.java:225)
	at org.sqlite.jdbc3.JDBC3Connection.prepareStatement(JDBC3Connection.java:205)
	at server.dao.RoomDAO.getActiveRooms(RoomDAO.java:154)
	at server.AppServer$1.run(AppServer.java:69)
	at java.base/java.util.TimerThread.mainLoop(Timer.java:572)
	at java.base/java.util.TimerThread.run(Timer.java:522)
2026-05-24 00:24:03 [Timer-0] ERROR server.dao.RoomDAO - Lỗi SQL khi lấy danh sách phòng ACTIVE
java.sql.SQLException: database connection closed
	at org.sqlite.SQLiteConnection.checkOpen(SQLiteConnection.java:418)
	at org.sqlite.jdbc4.JDBC4Connection.prepareStatement(JDBC4Connection.java:31)
	at org.sqlite.jdbc3.JDBC3Connection.prepareStatement(JDBC3Connection.java:225)
	at org.sqlite.jdbc3.JDBC3Connection.prepareStatement(JDBC3Connection.java:205)
	at server.dao.RoomDAO.getActiveRooms(RoomDAO.java:154)
	at server.AppServer$1.run(AppServer.java:69)
	at java.base/java.util.TimerThread.mainLoop(Timer.java:572)
	at java.base/java.util.TimerThread.run(Timer.java:522)
2026-05-24 00:24:03 [Thread-1] ERROR server.dao.RoomDAO - Lỗi SQL khi lấy danh sách phòng cho bidder
java.sql.SQLException: database connection closed
	at org.sqlite.SQLiteConnection.checkOpen(SQLiteConnection.java:418)
	at org.sqlite.jdbc4.JDBC4Connection.prepareStatement(JDBC4Connection.java:31)
	at org.sqlite.jdbc3.JDBC3Connection.prepareStatement(JDBC3Connection.java:225)
	at org.sqlite.jdbc3.JDBC3Connection.prepareStatement(JDBC3Connection.java:205)
	at server.dao.RoomDAO.getRoomsForBidder(RoomDAO.java:177)
	at server.ClientHandler.handleGetActiveRooms(ClientHandler.java:184)
	at server.ClientHandler.handleRequest(ClientHandler.java:82)
	at server.ClientHandler.run(ClientHandler.java:46)
	at java.base/java.lang.Thread.run(Thread.java:1474)
2026-05-24 00:24:03 [Thread-1] WARN  server.ClientHandler - Hành động không xác định GET_MY_WON_PRODUCTS
2026-05-24 00:24:04 [Timer-0] ERROR server.dao.RoomDAO - Lỗi SQL khi lấy danh sách phòng ACTIVE
java.sql.SQLException: database connection closed
	at org.sqlite.SQLiteConnection.checkOpen(SQLiteConnection.java:418)
	at org.sqlite.jdbc4.JDBC4Connection.prepareStatement(JDBC4Connection.java:31)
	at org.sqlite.jdbc3.JDBC3Connection.prepareStatement(JDBC3Connection.java:225)
	at org.sqlite.jdbc3.JDBC3Connection.prepareStatement(JDBC3Connection.java:205)
	at server.dao.RoomDAO.getActiveRooms(RoomDAO.java:154)
	at server.AppServer$1.run(AppServer.java:69)
	at java.base/java.util.TimerThread.mainLoop(Timer.java:572)
	at java.base/java.util.TimerThread.run(Timer.java:522)
2026-05-24 00:24:04 [Thread-1] WARN  server.ClientHandler - Hành động không xác định GET_MY_WON_PRODUCTS
2026-05-24 00:24:05 [Timer-0] ERROR server.dao.RoomDAO - Lỗi SQL khi lấy danh sách phòng ACTIVE
java.sql.SQLException: database connection closed
	at org.sqlite.SQLiteConnection.checkOpen(SQLiteConnection.java:418)
	at org.sqlite.jdbc4.JDBC4Connection.prepareStatement(JDBC4Connection.java:31)
	at org.sqlite.jdbc3.JDBC3Connection.prepareStatement(JDBC3Connection.java:225)
	at org.sqlite.jdbc3.JDBC3Connection.prepareStatement(JDBC3Connection.java:205)
	at server.dao.RoomDAO.getActiveRooms(RoomDAO.java:154)
	at server.AppServer$1.run(AppServer.java:69)
	at java.base/java.util.TimerThread.mainLoop(Timer.java:572)
	at java.base/java.util.TimerThread.run(Timer.java:522)
2026-05-24 00:24:06 [Timer-0] ERROR server.dao.RoomDAO - Lỗi SQL khi lấy danh sách phòng ACTIVE
java.sql.SQLException: database connection closed
	at org.sqlite.SQLiteConnection.checkOpen(SQLiteConnection.java:418)
	at org.sqlite.jdbc4.JDBC4Connection.prepareStatement(JDBC4Connection.java:31)
	at org.sqlite.jdbc3.JDBC3Connection.prepareStatement(JDBC3Connection.java:225)
	at org.sqlite.jdbc3.JDBC3Connection.prepareStatement(JDBC3Connection.java:205)
	at server.dao.RoomDAO.getActiveRooms(RoomDAO.java:154)
	at server.AppServer$1.run(AppServer.java:69)
	at java.base/java.util.TimerThread.mainLoop(Timer.java:572)
	at java.base/java.util.TimerThread.run(Timer.java:522)
2026-05-24 00:24:07 [Timer-0] ERROR server.dao.RoomDAO - Lỗi SQL khi lấy danh sách phòng ACTIVE
java.sql.SQLException: database connection closed
	at org.sqlite.SQLiteConnection.checkOpen(SQLiteConnection.java:418)
	at org.sqlite.jdbc4.JDBC4Connection.prepareStatement(JDBC4Connection.java:31)
	at org.sqlite.jdbc3.JDBC3Connection.prepareStatement(JDBC3Connection.java:225)
	at org.sqlite.jdbc3.JDBC3Connection.prepareStatement(JDBC3Connection.java:205)
	at server.dao.RoomDAO.getActiveRooms(RoomDAO.java:154)
	at server.AppServer$1.run(AppServer.java:69)
	at java.base/java.util.TimerThread.mainLoop(Timer.java:572)
	at java.base/java.util.TimerThread.run(Timer.java:522)
2026-05-24 00:24:08 [Timer-0] ERROR server.dao.RoomDAO - Lỗi SQL khi lấy danh sách phòng ACTIVE
java.sql.SQLException: database connection closed
	at org.sqlite.SQLiteConnection.checkOpen(SQLiteConnection.java:418)
	at org.sqlite.jdbc4.JDBC4Connection.prepareStatement(JDBC4Connection.java:31)
	at org.sqlite.jdbc3.JDBC3Connection.prepareStatement(JDBC3Connection.java:225)
	at org.sqlite.jdbc3.JDBC3Connection.prepareStatement(JDBC3Connection.java:205)
	at server.dao.RoomDAO.getActiveRooms(RoomDAO.java:154)
	at server.AppServer$1.run(AppServer.java:69)
	at java.base/java.util.TimerThread.mainLoop(Timer.java:572)
	at java.base/java.util.TimerThread.run(Timer.java:522)
2026-05-24 00:24:09 [Timer-0] ERROR server.dao.RoomDAO - Lỗi SQL khi lấy danh sách phòng ACTIVE
java.sql.SQLException: database connection closed
	at org.sqlite.SQLiteConnection.checkOpen(SQLiteConnection.java:418)
	at org.sqlite.jdbc4.JDBC4Connection.prepareStatement(JDBC4Connection.java:31)
	at org.sqlite.jdbc3.JDBC3Connection.prepareStatement(JDBC3Connection.java:225)
	at org.sqlite.jdbc3.JDBC3Connection.prepareStatement(JDBC3Connection.java:205)
	at server.dao.RoomDAO.getActiveRooms(RoomDAO.java:154)
	at server.AppServer$1.run(AppServer.java:69)
	at java.base/java.util.TimerThread.mainLoop(Timer.java:572)
	at java.base/java.util.TimerThread.run(Timer.java:522)
2026-05-24 00:24:10 [Timer-0] ERROR server.dao.RoomDAO - Lỗi SQL khi lấy danh sách phòng ACTIVE
java.sql.SQLException: database connection closed
	at org.sqlite.SQLiteConnection.checkOpen(SQLiteConnection.java:418)
	at org.sqlite.jdbc4.JDBC4Connection.prepareStatement(JDBC4Connection.java:31)
	at org.sqlite.jdbc3.JDBC3Connection.prepareStatement(JDBC3Connection.java:225)
	at org.sqlite.jdbc3.JDBC3Connection.prepareStatement(JDBC3Connection.java:205)
	at server.dao.RoomDAO.getActiveRooms(RoomDAO.java:154)
	at server.AppServer$1.run(AppServer.java:69)
	at java.base/java.util.TimerThread.mainLoop(Timer.java:572)
	at java.base/java.util.TimerThread.run(Timer.java:522)
2026-05-24 00:24:11 [Timer-0] ERROR server.dao.RoomDAO - Lỗi SQL khi lấy danh sách phòng ACTIVE
java.sql.SQLException: database connection closed
	at org.sqlite.SQLiteConnection.checkOpen(SQLiteConnection.java:418)
	at org.sqlite.jdbc4.JDBC4Connection.prepareStatement(JDBC4Connection.java:31)
	at org.sqlite.jdbc3.JDBC3Connection.prepareStatement(JDBC3Connection.java:225)
	at org.sqlite.jdbc3.JDBC3Connection.prepareStatement(JDBC3Connection.java:205)
	at server.dao.RoomDAO.getActiveRooms(RoomDAO.java:154)
	at server.AppServer$1.run(AppServer.java:69)
	at java.base/java.util.TimerThread.mainLoop(Timer.java:572)
	at java.base/java.util.TimerThread.run(Timer.java:522)
2026-05-24 00:24:12 [Timer-0] ERROR server.dao.RoomDAO - Lỗi SQL khi lấy danh sách phòng ACTIVE
java.sql.SQLException: database connection closed
	at org.sqlite.SQLiteConnection.checkOpen(SQLiteConnection.java:418)
	at org.sqlite.jdbc4.JDBC4Connection.prepareStatement(JDBC4Connection.java:31)
	at org.sqlite.jdbc3.JDBC3Connection.prepareStatement(JDBC3Connection.java:225)
	at org.sqlite.jdbc3.JDBC3Connection.prepareStatement(JDBC3Connection.java:205)
	at server.dao.RoomDAO.getActiveRooms(RoomDAO.java:154)
	at server.AppServer$1.run(AppServer.java:69)
	at java.base/java.util.TimerThread.mainLoop(Timer.java:572)
	at java.base/java.util.TimerThread.run(Timer.java:522)
2026-05-24 00:24:13 [Timer-0] ERROR server.dao.RoomDAO - Lỗi SQL khi lấy danh sách phòng ACTIVE
java.sql.SQLException: database connection closed
	at org.sqlite.SQLiteConnection.checkOpen(SQLiteConnection.java:418)
	at org.sqlite.jdbc4.JDBC4Connection.prepareStatement(JDBC4Connection.java:31)
	at org.sqlite.jdbc3.JDBC3Connection.prepareStatement(JDBC3Connection.java:225)
	at org.sqlite.jdbc3.JDBC3Connection.prepareStatement(JDBC3Connection.java:205)
	at server.dao.RoomDAO.getActiveRooms(RoomDAO.java:154)
	at server.AppServer$1.run(AppServer.java:69)
	at java.base/java.util.TimerThread.mainLoop(Timer.java:572)
	at java.base/java.util.TimerThread.run(Timer.java:522)
2026-05-24 00:24:14 [Timer-0] ERROR server.dao.RoomDAO - Lỗi SQL khi lấy danh sách phòng ACTIVE
java.sql.SQLException: database connection closed
	at org.sqlite.SQLiteConnection.checkOpen(SQLiteConnection.java:418)
	at org.sqlite.jdbc4.JDBC4Connection.prepareStatement(JDBC4Connection.java:31)
	at org.sqlite.jdbc3.JDBC3Connection.prepareStatement(JDBC3Connection.java:225)
	at org.sqlite.jdbc3.JDBC3Connection.prepareStatement(JDBC3Connection.java:205)
	at server.dao.RoomDAO.getActiveRooms(RoomDAO.java:154)
	at server.AppServer$1.run(AppServer.java:69)
	at java.base/java.util.TimerThread.mainLoop(Timer.java:572)
	at java.base/java.util.TimerThread.run(Timer.java:522)
2026-05-24 00:24:15 [Timer-0] ERROR server.dao.RoomDAO - Lỗi SQL khi lấy danh sách phòng ACTIVE
java.sql.SQLException: database connection closed
	at org.sqlite.SQLiteConnection.checkOpen(SQLiteConnection.java:418)
	at org.sqlite.jdbc4.JDBC4Connection.prepareStatement(JDBC4Connection.java:31)
	at org.sqlite.jdbc3.JDBC3Connection.prepareStatement(JDBC3Connection.java:225)
	at org.sqlite.jdbc3.JDBC3Connection.prepareStatement(JDBC3Connection.java:205)
	at server.dao.RoomDAO.getActiveRooms(RoomDAO.java:154)
	at server.AppServer$1.run(AppServer.java:69)
	at java.base/java.util.TimerThread.mainLoop(Timer.java:572)
	at java.base/java.util.TimerThread.run(Timer.java:522)
2026-05-24 00:24:16 [Timer-0] ERROR server.dao.RoomDAO - Lỗi SQL khi lấy danh sách phòng ACTIVE
java.sql.SQLException: database connection closed
	at org.sqlite.SQLiteConnection.checkOpen(SQLiteConnection.java:418)
	at org.sqlite.jdbc4.JDBC4Connection.prepareStatement(JDBC4Connection.java:31)
	at org.sqlite.jdbc3.JDBC3Connection.prepareStatement(JDBC3Connection.java:225)
	at org.sqlite.jdbc3.JDBC3Connection.prepareStatement(JDBC3Connection.java:205)
	at server.dao.RoomDAO.getActiveRooms(RoomDAO.java:154)
	at server.AppServer$1.run(AppServer.java:69)
	at java.base/java.util.TimerThread.mainLoop(Timer.java:572)
	at java.base/java.util.TimerThread.run(Timer.java:522)
2026-05-24 00:24:17 [Timer-0] ERROR server.dao.RoomDAO - Lỗi SQL khi lấy danh sách phòng ACTIVE
java.sql.SQLException: database connection closed
	at org.sqlite.SQLiteConnection.checkOpen(SQLiteConnection.java:418)
	at org.sqlite.jdbc4.JDBC4Connection.prepareStatement(JDBC4Connection.java:31)
	at org.sqlite.jdbc3.JDBC3Connection.prepareStatement(JDBC3Connection.java:225)
	at org.sqlite.jdbc3.JDBC3Connection.prepareStatement(JDBC3Connection.java:205)
	at server.dao.RoomDAO.getActiveRooms(RoomDAO.java:154)
	at server.AppServer$1.run(AppServer.java:69)
	at java.base/java.util.TimerThread.mainLoop(Timer.java:572)
	at java.base/java.util.TimerThread.run(Timer.java:522)
2026-05-24 00:24:18 [Timer-0] ERROR server.dao.RoomDAO - Lỗi SQL khi lấy danh sách phòng ACTIVE
java.sql.SQLException: database connection closed
	at org.sqlite.SQLiteConnection.checkOpen(SQLiteConnection.java:418)
	at org.sqlite.jdbc4.JDBC4Connection.prepareStatement(JDBC4Connection.java:31)
	at org.sqlite.jdbc3.JDBC3Connection.prepareStatement(JDBC3Connection.java:225)
	at org.sqlite.jdbc3.JDBC3Connection.prepareStatement(JDBC3Connection.java:205)
	at server.dao.RoomDAO.getActiveRooms(RoomDAO.java:154)
	at server.AppServer$1.run(AppServer.java:69)
	at java.base/java.util.TimerThread.mainLoop(Timer.java:572)
	at java.base/java.util.TimerThread.run(Timer.java:522)
2026-05-24 00:24:19 [Timer-0] ERROR server.dao.RoomDAO - Lỗi SQL khi lấy danh sách phòng ACTIVE
java.sql.SQLException: database connection closed
	at org.sqlite.SQLiteConnection.checkOpen(SQLiteConnection.java:418)
	at org.sqlite.jdbc4.JDBC4Connection.prepareStatement(JDBC4Connection.java:31)
	at org.sqlite.jdbc3.JDBC3Connection.prepareStatement(JDBC3Connection.java:225)
	at org.sqlite.jdbc3.JDBC3Connection.prepareStatement(JDBC3Connection.java:205)
	at server.dao.RoomDAO.getActiveRooms(RoomDAO.java:154)
	at server.AppServer$1.run(AppServer.java:69)
	at java.base/java.util.TimerThread.mainLoop(Timer.java:572)
	at java.base/java.util.TimerThread.run(Timer.java:522)
2026-05-24 00:24:20 [Timer-0] ERROR server.dao.RoomDAO - Lỗi SQL khi lấy danh sách phòng ACTIVE
java.sql.SQLException: database connection closed
	at org.sqlite.SQLiteConnection.checkOpen(SQLiteConnection.java:418)
	at org.sqlite.jdbc4.JDBC4Connection.prepareStatement(JDBC4Connection.java:31)
	at org.sqlite.jdbc3.JDBC3Connection.prepareStatement(JDBC3Connection.java:225)
	at org.sqlite.jdbc3.JDBC3Connection.prepareStatement(JDBC3Connection.java:205)
	at server.dao.RoomDAO.getActiveRooms(RoomDAO.java:154)
	at server.AppServer$1.run(AppServer.java:69)
	at java.base/java.util.TimerThread.mainLoop(Timer.java:572)
	at java.base/java.util.TimerThread.run(Timer.java:522)
2026-05-24 00:24:21 [Timer-0] ERROR server.dao.RoomDAO - Lỗi SQL khi lấy danh sách phòng ACTIVE
java.sql.SQLException: database connection closed
	at org.sqlite.SQLiteConnection.checkOpen(SQLiteConnection.java:418)
	at org.sqlite.jdbc4.JDBC4Connection.prepareStatement(JDBC4Connection.java:31)
	at org.sqlite.jdbc3.JDBC3Connection.prepareStatement(JDBC3Connection.java:225)
	at org.sqlite.jdbc3.JDBC3Connection.prepareStatement(JDBC3Connection.java:205)
	at server.dao.RoomDAO.getActiveRooms(RoomDAO.java:154)
	at server.AppServer$1.run(AppServer.java:69)
	at java.base/java.util.TimerThread.mainLoop(Timer.java:572)
	at java.base/java.util.TimerThread.run(Timer.java:522)
2026-05-24 00:24:22 [Timer-0] ERROR server.dao.RoomDAO - Lỗi SQL khi lấy danh sách phòng ACTIVE
java.sql.SQLException: database connection closed
	at org.sqlite.SQLiteConnection.checkOpen(SQLiteConnection.java:418)
	at org.sqlite.jdbc4.JDBC4Connection.prepareStatement(JDBC4Connection.java:31)
	at org.sqlite.jdbc3.JDBC3Connection.prepareStatement(JDBC3Connection.java:225)
	at org.sqlite.jdbc3.JDBC3Connection.prepareStatement(JDBC3Connection.java:205)
	at server.dao.RoomDAO.getActiveRooms(RoomDAO.java:154)
	at server.AppServer$1.run(AppServer.java:69)
	at java.base/java.util.TimerThread.mainLoop(Timer.java:572)
	at java.base/java.util.TimerThread.run(Timer.java:522)
2026-05-24 00:24:23 [Timer-0] ERROR server.dao.RoomDAO - Lỗi SQL khi lấy danh sách phòng ACTIVE
java.sql.SQLException: database connection closed
	at org.sqlite.SQLiteConnection.checkOpen(SQLiteConnection.java:418)
	at org.sqlite.jdbc4.JDBC4Connection.prepareStatement(JDBC4Connection.java:31)
	at org.sqlite.jdbc3.JDBC3Connection.prepareStatement(JDBC3Connection.java:225)
	at org.sqlite.jdbc3.JDBC3Connection.prepareStatement(JDBC3Connection.java:205)
	at server.dao.RoomDAO.getActiveRooms(RoomDAO.java:154)
	at server.AppServer$1.run(AppServer.java:69)
	at java.base/java.util.TimerThread.mainLoop(Timer.java:572)
	at java.base/java.util.TimerThread.run(Timer.java:522)
2026-05-24 00:24:24 [Timer-0] ERROR server.dao.RoomDAO - Lỗi SQL khi lấy danh sách phòng ACTIVE
java.sql.SQLException: database connection closed
	at org.sqlite.SQLiteConnection.checkOpen(SQLiteConnection.java:418)
	at org.sqlite.jdbc4.JDBC4Connection.prepareStatement(JDBC4Connection.java:31)
	at org.sqlite.jdbc3.JDBC3Connection.prepareStatement(JDBC3Connection.java:225)
	at org.sqlite.jdbc3.JDBC3Connection.prepareStatement(JDBC3Connection.java:205)
	at server.dao.RoomDAO.getActiveRooms(RoomDAO.java:154)
	at server.AppServer$1.run(AppServer.java:69)
	at java.base/java.util.TimerThread.mainLoop(Timer.java:572)
	at java.base/java.util.TimerThread.run(Timer.java:522)
2026-05-24 00:24:25 [Timer-0] ERROR server.dao.RoomDAO - Lỗi SQL khi lấy danh sách phòng ACTIVE
java.sql.SQLException: database connection closed
	at org.sqlite.SQLiteConnection.checkOpen(SQLiteConnection.java:418)
	at org.sqlite.jdbc4.JDBC4Connection.prepareStatement(JDBC4Connection.java:31)
	at org.sqlite.jdbc3.JDBC3Connection.prepareStatement(JDBC3Connection.java:225)
	at org.sqlite.jdbc3.JDBC3Connection.prepareStatement(JDBC3Connection.java:205)
	at server.dao.RoomDAO.getActiveRooms(RoomDAO.java:154)
	at server.AppServer$1.run(AppServer.java:69)
	at java.base/java.util.TimerThread.mainLoop(Timer.java:572)
	at java.base/java.util.TimerThread.run(Timer.java:522)
2026-05-24 00:24:26 [Timer-0] ERROR server.dao.RoomDAO - Lỗi SQL khi lấy danh sách phòng ACTIVE
java.sql.SQLException: database connection closed
	at org.sqlite.SQLiteConnection.checkOpen(SQLiteConnection.java:418)
	at org.sqlite.jdbc4.JDBC4Connection.prepareStatement(JDBC4Connection.java:31)
	at org.sqlite.jdbc3.JDBC3Connection.prepareStatement(JDBC3Connection.java:225)
	at org.sqlite.jdbc3.JDBC3Connection.prepareStatement(JDBC3Connection.java:205)
	at server.dao.RoomDAO.getActiveRooms(RoomDAO.java:154)
	at server.AppServer$1.run(AppServer.java:69)
	at java.base/java.util.TimerThread.mainLoop(Timer.java:572)
	at java.base/java.util.TimerThread.run(Timer.java:522)
2026-05-24 00:24:27 [Timer-0] ERROR server.dao.RoomDAO - Lỗi SQL khi lấy danh sách phòng ACTIVE
java.sql.SQLException: database connection closed
	at org.sqlite.SQLiteConnection.checkOpen(SQLiteConnection.java:418)
	at org.sqlite.jdbc4.JDBC4Connection.prepareStatement(JDBC4Connection.java:31)
	at org.sqlite.jdbc3.JDBC3Connection.prepareStatement(JDBC3Connection.java:225)
	at org.sqlite.jdbc3.JDBC3Connection.prepareStatement(JDBC3Connection.java:205)
	at server.dao.RoomDAO.getActiveRooms(RoomDAO.java:154)
	at server.AppServer$1.run(AppServer.java:69)
	at java.base/java.util.TimerThread.mainLoop(Timer.java:572)
	at java.base/java.util.TimerThread.run(Timer.java:522)
2026-05-24 00:24:28 [Timer-0] ERROR server.dao.RoomDAO - Lỗi SQL khi lấy danh sách phòng ACTIVE
java.sql.SQLException: database connection closed
	at org.sqlite.SQLiteConnection.checkOpen(SQLiteConnection.java:418)
	at org.sqlite.jdbc4.JDBC4Connection.prepareStatement(JDBC4Connection.java:31)
	at org.sqlite.jdbc3.JDBC3Connection.prepareStatement(JDBC3Connection.java:225)
	at org.sqlite.jdbc3.JDBC3Connection.prepareStatement(JDBC3Connection.java:205)
	at server.dao.RoomDAO.getActiveRooms(RoomDAO.java:154)
	at server.AppServer$1.run(AppServer.java:69)
	at java.base/java.util.TimerThread.mainLoop(Timer.java:572)
	at java.base/java.util.TimerThread.run(Timer.java:522)
2026-05-24 00:24:29 [Timer-0] ERROR server.dao.RoomDAO - Lỗi SQL khi lấy danh sách phòng ACTIVE
java.sql.SQLException: database connection closed
	at org.sqlite.SQLiteConnection.checkOpen(SQLiteConnection.java:418)
	at org.sqlite.jdbc4.JDBC4Connection.prepareStatement(JDBC4Connection.java:31)
	at org.sqlite.jdbc3.JDBC3Connection.prepareStatement(JDBC3Connection.java:225)
	at org.sqlite.jdbc3.JDBC3Connection.prepareStatement(JDBC3Connection.java:205)
	at server.dao.RoomDAO.getActiveRooms(RoomDAO.java:154)
	at server.AppServer$1.run(AppServer.java:69)
	at java.base/java.util.TimerThread.mainLoop(Timer.java:572)
	at java.base/java.util.TimerThread.run(Timer.java:522)
2026-05-24 00:24:30 [Timer-0] ERROR server.dao.RoomDAO - Lỗi SQL khi lấy danh sách phòng ACTIVE
java.sql.SQLException: database connection closed
	at org.sqlite.SQLiteConnection.checkOpen(SQLiteConnection.java:418)
	at org.sqlite.jdbc4.JDBC4Connection.prepareStatement(JDBC4Connection.java:31)
	at org.sqlite.jdbc3.JDBC3Connection.prepareStatement(JDBC3Connection.java:225)
	at org.sqlite.jdbc3.JDBC3Connection.prepareStatement(JDBC3Connection.java:205)
	at server.dao.RoomDAO.getActiveRooms(RoomDAO.java:154)
	at server.AppServer$1.run(AppServer.java:69)
	at java.base/java.util.TimerThread.mainLoop(Timer.java:572)
	at java.base/java.util.TimerThread.run(Timer.java:522)
2026-05-24 00:24:31 [Timer-0] ERROR server.dao.RoomDAO - Lỗi SQL khi lấy danh sách phòng ACTIVE
java.sql.SQLException: database connection closed
	at org.sqlite.SQLiteConnection.checkOpen(SQLiteConnection.java:418)
	at org.sqlite.jdbc4.JDBC4Connection.prepareStatement(JDBC4Connection.java:31)
	at org.sqlite.jdbc3.JDBC3Connection.prepareStatement(JDBC3Connection.java:225)
	at org.sqlite.jdbc3.JDBC3Connection.prepareStatement(JDBC3Connection.java:205)
	at server.dao.RoomDAO.getActiveRooms(RoomDAO.java:154)
	at server.AppServer$1.run(AppServer.java:69)
	at java.base/java.util.TimerThread.mainLoop(Timer.java:572)
	at java.base/java.util.TimerThread.run(Timer.java:522)
2026-05-24 00:24:32 [Timer-0] ERROR server.dao.RoomDAO - Lỗi SQL khi lấy danh sách phòng ACTIVE
java.sql.SQLException: database connection closed
	at org.sqlite.SQLiteConnection.checkOpen(SQLiteConnection.java:418)
	at org.sqlite.jdbc4.JDBC4Connection.prepareStatement(JDBC4Connection.java:31)
	at org.sqlite.jdbc3.JDBC3Connection.prepareStatement(JDBC3Connection.java:225)
	at org.sqlite.jdbc3.JDBC3Connection.prepareStatement(JDBC3Connection.java:205)
	at server.dao.RoomDAO.getActiveRooms(RoomDAO.java:154)
	at server.AppServer$1.run(AppServer.java:69)
	at java.base/java.util.TimerThread.mainLoop(Timer.java:572)
	at java.base/java.util.TimerThread.run(Timer.java:522)
2026-05-24 00:24:33 [Timer-0] ERROR server.dao.RoomDAO - Lỗi SQL khi lấy danh sách phòng ACTIVE
java.sql.SQLException: database connection closed
	at org.sqlite.SQLiteConnection.checkOpen(SQLiteConnection.java:418)
	at org.sqlite.jdbc4.JDBC4Connection.prepareStatement(JDBC4Connection.java:31)
	at org.sqlite.jdbc3.JDBC3Connection.prepareStatement(JDBC3Connection.java:225)
	at org.sqlite.jdbc3.JDBC3Connection.prepareStatement(JDBC3Connection.java:205)
	at server.dao.RoomDAO.getActiveRooms(RoomDAO.java:154)
	at server.AppServer$1.run(AppServer.java:69)
	at java.base/java.util.TimerThread.mainLoop(Timer.java:572)
	at java.base/java.util.TimerThread.run(Timer.java:522)
2026-05-24 00:24:34 [Timer-0] ERROR server.dao.RoomDAO - Lỗi SQL khi lấy danh sách phòng ACTIVE
java.sql.SQLException: database connection closed
	at org.sqlite.SQLiteConnection.checkOpen(SQLiteConnection.java:418)
	at org.sqlite.jdbc4.JDBC4Connection.prepareStatement(JDBC4Connection.java:31)
	at org.sqlite.jdbc3.JDBC3Connection.prepareStatement(JDBC3Connection.java:225)
	at org.sqlite.jdbc3.JDBC3Connection.prepareStatement(JDBC3Connection.java:205)
	at server.dao.RoomDAO.getActiveRooms(RoomDAO.java:154)
	at server.AppServer$1.run(AppServer.java:69)
	at java.base/java.util.TimerThread.mainLoop(Timer.java:572)
	at java.base/java.util.TimerThread.run(Timer.java:522)
2026-05-24 00:24:35 [Timer-0] ERROR server.dao.RoomDAO - Lỗi SQL khi lấy danh sách phòng ACTIVE
java.sql.SQLException: database connection closed
	at org.sqlite.SQLiteConnection.checkOpen(SQLiteConnection.java:418)
	at org.sqlite.jdbc4.JDBC4Connection.prepareStatement(JDBC4Connection.java:31)
	at org.sqlite.jdbc3.JDBC3Connection.prepareStatement(JDBC3Connection.java:225)
	at org.sqlite.jdbc3.JDBC3Connection.prepareStatement(JDBC3Connection.java:205)
	at server.dao.RoomDAO.getActiveRooms(RoomDAO.java:154)
	at server.AppServer$1.run(AppServer.java:69)
	at java.base/java.util.TimerThread.mainLoop(Timer.java:572)
	at java.base/java.util.TimerThread.run(Timer.java:522)
2026-05-24 00:24:36 [Timer-0] ERROR server.dao.RoomDAO - Lỗi SQL khi lấy danh sách phòng ACTIVE
java.sql.SQLException: database connection closed
	at org.sqlite.SQLiteConnection.checkOpen(SQLiteConnection.java:418)
	at org.sqlite.jdbc4.JDBC4Connection.prepareStatement(JDBC4Connection.java:31)
	at org.sqlite.jdbc3.JDBC3Connection.prepareStatement(JDBC3Connection.java:225)
	at org.sqlite.jdbc3.JDBC3Connection.prepareStatement(JDBC3Connection.java:205)
	at server.dao.RoomDAO.getActiveRooms(RoomDAO.java:154)
	at server.AppServer$1.run(AppServer.java:69)
	at java.base/java.util.TimerThread.mainLoop(Timer.java:572)
	at java.base/java.util.TimerThread.run(Timer.java:522)
2026-05-24 00:24:37 [Timer-0] ERROR server.dao.RoomDAO - Lỗi SQL khi lấy danh sách phòng ACTIVE
java.sql.SQLException: database connection closed
	at org.sqlite.SQLiteConnection.checkOpen(SQLiteConnection.java:418)
	at org.sqlite.jdbc4.JDBC4Connection.prepareStatement(JDBC4Connection.java:31)
	at org.sqlite.jdbc3.JDBC3Connection.prepareStatement(JDBC3Connection.java:225)
	at org.sqlite.jdbc3.JDBC3Connection.prepareStatement(JDBC3Connection.java:205)
	at server.dao.RoomDAO.getActiveRooms(RoomDAO.java:154)
	at server.AppServer$1.run(AppServer.java:69)
	at java.base/java.util.TimerThread.mainLoop(Timer.java:572)
	at java.base/java.util.TimerThread.run(Timer.java:522)
2026-05-24 00:24:38 [Timer-0] ERROR server.dao.RoomDAO - Lỗi SQL khi lấy danh sách phòng ACTIVE
java.sql.SQLException: database connection closed
	at org.sqlite.SQLiteConnection.checkOpen(SQLiteConnection.java:418)
	at org.sqlite.jdbc4.JDBC4Connection.prepareStatement(JDBC4Connection.java:31)
	at org.sqlite.jdbc3.JDBC3Connection.prepareStatement(JDBC3Connection.java:225)
	at org.sqlite.jdbc3.JDBC3Connection.prepareStatement(JDBC3Connection.java:205)
	at server.dao.RoomDAO.getActiveRooms(RoomDAO.java:154)
	at server.AppServer$1.run(AppServer.java:69)
	at java.base/java.util.TimerThread.mainLoop(Timer.java:572)
	at java.base/java.util.TimerThread.run(Timer.java:522)
2026-05-24 00:24:39 [Timer-0] ERROR server.dao.RoomDAO - Lỗi SQL khi lấy danh sách phòng ACTIVE
java.sql.SQLException: database connection closed
	at org.sqlite.SQLiteConnection.checkOpen(SQLiteConnection.java:418)
	at org.sqlite.jdbc4.JDBC4Connection.prepareStatement(JDBC4Connection.java:31)
	at org.sqlite.jdbc3.JDBC3Connection.prepareStatement(JDBC3Connection.java:225)
	at org.sqlite.jdbc3.JDBC3Connection.prepareStatement(JDBC3Connection.java:205)
	at server.dao.RoomDAO.getActiveRooms(RoomDAO.java:154)
	at server.AppServer$1.run(AppServer.java:69)
	at java.base/java.util.TimerThread.mainLoop(Timer.java:572)
	at java.base/java.util.TimerThread.run(Timer.java:522)
2026-05-24 00:24:40 [Timer-0] ERROR server.dao.RoomDAO - Lỗi SQL khi lấy danh sách phòng ACTIVE
java.sql.SQLException: database connection closed
	at org.sqlite.SQLiteConnection.checkOpen(SQLiteConnection.java:418)
	at org.sqlite.jdbc4.JDBC4Connection.prepareStatement(JDBC4Connection.java:31)
	at org.sqlite.jdbc3.JDBC3Connection.prepareStatement(JDBC3Connection.java:225)
	at org.sqlite.jdbc3.JDBC3Connection.prepareStatement(JDBC3Connection.java:205)
	at server.dao.RoomDAO.getActiveRooms(RoomDAO.java:154)
	at server.AppServer$1.run(AppServer.java:69)
	at java.base/java.util.TimerThread.mainLoop(Timer.java:572)
	at java.base/java.util.TimerThread.run(Timer.java:522)
2026-05-24 00:24:41 [Timer-0] ERROR server.dao.RoomDAO - Lỗi SQL khi lấy danh sách phòng ACTIVE
java.sql.SQLException: database connection closed
	at org.sqlite.SQLiteConnection.checkOpen(SQLiteConnection.java:418)
	at org.sqlite.jdbc4.JDBC4Connection.prepareStatement(JDBC4Connection.java:31)
	at org.sqlite.jdbc3.JDBC3Connection.prepareStatement(JDBC3Connection.java:225)
	at org.sqlite.jdbc3.JDBC3Connection.prepareStatement(JDBC3Connection.java:205)
	at server.dao.RoomDAO.getActiveRooms(RoomDAO.java:154)
	at server.AppServer$1.run(AppServer.java:69)
	at java.base/java.util.TimerThread.mainLoop(Timer.java:572)
	at java.base/java.util.TimerThread.run(Timer.java:522)
2026-05-24 00:24:42 [Timer-0] ERROR server.dao.RoomDAO - Lỗi SQL khi lấy danh sách phòng ACTIVE
java.sql.SQLException: database connection closed
	at org.sqlite.SQLiteConnection.checkOpen(SQLiteConnection.java:418)
	at org.sqlite.jdbc4.JDBC4Connection.prepareStatement(JDBC4Connection.java:31)
	at org.sqlite.jdbc3.JDBC3Connection.prepareStatement(JDBC3Connection.java:225)
	at org.sqlite.jdbc3.JDBC3Connection.prepareStatement(JDBC3Connection.java:205)
	at server.dao.RoomDAO.getActiveRooms(RoomDAO.java:154)
	at server.AppServer$1.run(AppServer.java:69)
	at java.base/java.util.TimerThread.mainLoop(Timer.java:572)
	at java.base/java.util.TimerThread.run(Timer.java:522)
2026-05-24 00:24:43 [Timer-0] ERROR server.dao.RoomDAO - Lỗi SQL khi lấy danh sách phòng ACTIVE
java.sql.SQLException: database connection closed
	at org.sqlite.SQLiteConnection.checkOpen(SQLiteConnection.java:418)
	at org.sqlite.jdbc4.JDBC4Connection.prepareStatement(JDBC4Connection.java:31)
	at org.sqlite.jdbc3.JDBC3Connection.prepareStatement(JDBC3Connection.java:225)
	at org.sqlite.jdbc3.JDBC3Connection.prepareStatement(JDBC3Connection.java:205)
	at server.dao.RoomDAO.getActiveRooms(RoomDAO.java:154)
	at server.AppServer$1.run(AppServer.java:69)
	at java.base/java.util.TimerThread.mainLoop(Timer.java:572)
	at java.base/java.util.TimerThread.run(Timer.java:522)
2026-05-24 00:24:44 [Timer-0] ERROR server.dao.RoomDAO - Lỗi SQL khi lấy danh sách phòng ACTIVE
java.sql.SQLException: database connection closed
	at org.sqlite.SQLiteConnection.checkOpen(SQLiteConnection.java:418)
	at org.sqlite.jdbc4.JDBC4Connection.prepareStatement(JDBC4Connection.java:31)
	at org.sqlite.jdbc3.JDBC3Connection.prepareStatement(JDBC3Connection.java:225)
	at org.sqlite.jdbc3.JDBC3Connection.prepareStatement(JDBC3Connection.java:205)
	at server.dao.RoomDAO.getActiveRooms(RoomDAO.java:154)
	at server.AppServer$1.run(AppServer.java:69)
	at java.base/java.util.TimerThread.mainLoop(Timer.java:572)
	at java.base/java.util.TimerThread.run(Timer.java:522)
2026-05-24 00:24:45 [Timer-0] ERROR server.dao.RoomDAO - Lỗi SQL khi lấy danh sách phòng ACTIVE
java.sql.SQLException: database connection closed
	at org.sqlite.SQLiteConnection.checkOpen(SQLiteConnection.java:418)
	at org.sqlite.jdbc4.JDBC4Connection.prepareStatement(JDBC4Connection.java:31)
	at org.sqlite.jdbc3.JDBC3Connection.prepareStatement(JDBC3Connection.java:225)
	at org.sqlite.jdbc3.JDBC3Connection.prepareStatement(JDBC3Connection.java:205)
	at server.dao.RoomDAO.getActiveRooms(RoomDAO.java:154)
	at server.AppServer$1.run(AppServer.java:69)
	at java.base/java.util.TimerThread.mainLoop(Timer.java:572)
	at java.base/java.util.TimerThread.run(Timer.java:522)
2026-05-24 00:24:46 [Timer-0] ERROR server.dao.RoomDAO - Lỗi SQL khi lấy danh sách phòng ACTIVE
java.sql.SQLException: database connection closed
	at org.sqlite.SQLiteConnection.checkOpen(SQLiteConnection.java:418)
	at org.sqlite.jdbc4.JDBC4Connection.prepareStatement(JDBC4Connection.java:31)
	at org.sqlite.jdbc3.JDBC3Connection.prepareStatement(JDBC3Connection.java:225)
	at org.sqlite.jdbc3.JDBC3Connection.prepareStatement(JDBC3Connection.java:205)
	at server.dao.RoomDAO.getActiveRooms(RoomDAO.java:154)
	at server.AppServer$1.run(AppServer.java:69)
	at java.base/java.util.TimerThread.mainLoop(Timer.java:572)
	at java.base/java.util.TimerThread.run(Timer.java:522)
2026-05-24 00:24:47 [Timer-0] ERROR server.dao.RoomDAO - Lỗi SQL khi lấy danh sách phòng ACTIVE
java.sql.SQLException: database connection closed
	at org.sqlite.SQLiteConnection.checkOpen(SQLiteConnection.java:418)
	at org.sqlite.jdbc4.JDBC4Connection.prepareStatement(JDBC4Connection.java:31)
	at org.sqlite.jdbc3.JDBC3Connection.prepareStatement(JDBC3Connection.java:225)
	at org.sqlite.jdbc3.JDBC3Connection.prepareStatement(JDBC3Connection.java:205)
	at server.dao.RoomDAO.getActiveRooms(RoomDAO.java:154)
	at server.AppServer$1.run(AppServer.java:69)
	at java.base/java.util.TimerThread.mainLoop(Timer.java:572)
	at java.base/java.util.TimerThread.run(Timer.java:522)
2026-05-24 00:24:48 [Timer-0] ERROR server.dao.RoomDAO - Lỗi SQL khi lấy danh sách phòng ACTIVE
java.sql.SQLException: database connection closed
	at org.sqlite.SQLiteConnection.checkOpen(SQLiteConnection.java:418)
	at org.sqlite.jdbc4.JDBC4Connection.prepareStatement(JDBC4Connection.java:31)
	at org.sqlite.jdbc3.JDBC3Connection.prepareStatement(JDBC3Connection.java:225)
	at org.sqlite.jdbc3.JDBC3Connection.prepareStatement(JDBC3Connection.java:205)
	at server.dao.RoomDAO.getActiveRooms(RoomDAO.java:154)
	at server.AppServer$1.run(AppServer.java:69)
	at java.base/java.util.TimerThread.mainLoop(Timer.java:572)
	at java.base/java.util.TimerThread.run(Timer.java:522)
2026-05-24 00:24:49 [Timer-0] ERROR server.dao.RoomDAO - Lỗi SQL khi lấy danh sách phòng ACTIVE
java.sql.SQLException: database connection closed
	at org.sqlite.SQLiteConnection.checkOpen(SQLiteConnection.java:418)
	at org.sqlite.jdbc4.JDBC4Connection.prepareStatement(JDBC4Connection.java:31)
	at org.sqlite.jdbc3.JDBC3Connection.prepareStatement(JDBC3Connection.java:225)
	at org.sqlite.jdbc3.JDBC3Connection.prepareStatement(JDBC3Connection.java:205)
	at server.dao.RoomDAO.getActiveRooms(RoomDAO.java:154)
	at server.AppServer$1.run(AppServer.java:69)
	at java.base/java.util.TimerThread.mainLoop(Timer.java:572)
	at java.base/java.util.TimerThread.run(Timer.java:522)
2026-05-24 00:24:50 [Timer-0] ERROR server.dao.RoomDAO - Lỗi SQL khi lấy danh sách phòng ACTIVE
java.sql.SQLException: database connection closed
	at org.sqlite.SQLiteConnection.checkOpen(SQLiteConnection.java:418)
	at org.sqlite.jdbc4.JDBC4Connection.prepareStatement(JDBC4Connection.java:31)
	at org.sqlite.jdbc3.JDBC3Connection.prepareStatement(JDBC3Connection.java:225)
	at org.sqlite.jdbc3.JDBC3Connection.prepareStatement(JDBC3Connection.java:205)
	at server.dao.RoomDAO.getActiveRooms(RoomDAO.java:154)
	at server.AppServer$1.run(AppServer.java:69)
	at java.base/java.util.TimerThread.mainLoop(Timer.java:572)
	at java.base/java.util.TimerThread.run(Timer.java:522)
2026-05-24 00:24:51 [Timer-0] ERROR server.dao.RoomDAO - Lỗi SQL khi lấy danh sách phòng ACTIVE
java.sql.SQLException: database connection closed
	at org.sqlite.SQLiteConnection.checkOpen(SQLiteConnection.java:418)
	at org.sqlite.jdbc4.JDBC4Connection.prepareStatement(JDBC4Connection.java:31)
	at org.sqlite.jdbc3.JDBC3Connection.prepareStatement(JDBC3Connection.java:225)
	at org.sqlite.jdbc3.JDBC3Connection.prepareStatement(JDBC3Connection.java:205)
	at server.dao.RoomDAO.getActiveRooms(RoomDAO.java:154)
	at server.AppServer$1.run(AppServer.java:69)
	at java.base/java.util.TimerThread.mainLoop(Timer.java:572)
	at java.base/java.util.TimerThread.run(Timer.java:522)
2026-05-24 00:24:52 [Timer-0] ERROR server.dao.RoomDAO - Lỗi SQL khi lấy danh sách phòng ACTIVE
java.sql.SQLException: database connection closed
	at org.sqlite.SQLiteConnection.checkOpen(SQLiteConnection.java:418)
	at org.sqlite.jdbc4.JDBC4Connection.prepareStatement(JDBC4Connection.java:31)
	at org.sqlite.jdbc3.JDBC3Connection.prepareStatement(JDBC3Connection.java:225)
	at org.sqlite.jdbc3.JDBC3Connection.prepareStatement(JDBC3Connection.java:205)
	at server.dao.RoomDAO.getActiveRooms(RoomDAO.java:154)
	at server.AppServer$1.run(AppServer.java:69)
	at java.base/java.util.TimerThread.mainLoop(Timer.java:572)
	at java.base/java.util.TimerThread.run(Timer.java:522)
2026-05-24 00:24:53 [Timer-0] ERROR server.dao.RoomDAO - Lỗi SQL khi lấy danh sách phòng ACTIVE
java.sql.SQLException: database connection closed
	at org.sqlite.SQLiteConnection.checkOpen(SQLiteConnection.java:418)
	at org.sqlite.jdbc4.JDBC4Connection.prepareStatement(JDBC4Connection.java:31)
	at org.sqlite.jdbc3.JDBC3Connection.prepareStatement(JDBC3Connection.java:225)
	at org.sqlite.jdbc3.JDBC3Connection.prepareStatement(JDBC3Connection.java:205)
	at server.dao.RoomDAO.getActiveRooms(RoomDAO.java:154)
	at server.AppServer$1.run(AppServer.java:69)
	at java.base/java.util.TimerThread.mainLoop(Timer.java:572)
	at java.base/java.util.TimerThread.run(Timer.java:522)
2026-05-24 00:24:54 [Timer-0] ERROR server.dao.RoomDAO - Lỗi SQL khi lấy danh sách phòng ACTIVE
java.sql.SQLException: database connection closed
	at org.sqlite.SQLiteConnection.checkOpen(SQLiteConnection.java:418)
	at org.sqlite.jdbc4.JDBC4Connection.prepareStatement(JDBC4Connection.java:31)
	at org.sqlite.jdbc3.JDBC3Connection.prepareStatement(JDBC3Connection.java:225)
	at org.sqlite.jdbc3.JDBC3Connection.prepareStatement(JDBC3Connection.java:205)
	at server.dao.RoomDAO.getActiveRooms(RoomDAO.java:154)
	at server.AppServer$1.run(AppServer.java:69)
	at java.base/java.util.TimerThread.mainLoop(Timer.java:572)
	at java.base/java.util.TimerThread.run(Timer.java:522)
2026-05-24 00:24:55 [Timer-0] ERROR server.dao.RoomDAO - Lỗi SQL khi lấy danh sách phòng ACTIVE
java.sql.SQLException: database connection closed
	at org.sqlite.SQLiteConnection.checkOpen(SQLiteConnection.java:418)
	at org.sqlite.jdbc4.JDBC4Connection.prepareStatement(JDBC4Connection.java:31)
	at org.sqlite.jdbc3.JDBC3Connection.prepareStatement(JDBC3Connection.java:225)
	at org.sqlite.jdbc3.JDBC3Connection.prepareStatement(JDBC3Connection.java:205)
	at server.dao.RoomDAO.getActiveRooms(RoomDAO.java:154)
	at server.AppServer$1.run(AppServer.java:69)
	at java.base/java.util.TimerThread.mainLoop(Timer.java:572)
	at java.base/java.util.TimerThread.run(Timer.java:522)
2026-05-24 00:24:56 [Timer-0] ERROR server.dao.RoomDAO - Lỗi SQL khi lấy danh sách phòng ACTIVE
java.sql.SQLException: database connection closed
	at org.sqlite.SQLiteConnection.checkOpen(SQLiteConnection.java:418)
	at org.sqlite.jdbc4.JDBC4Connection.prepareStatement(JDBC4Connection.java:31)
	at org.sqlite.jdbc3.JDBC3Connection.prepareStatement(JDBC3Connection.java:225)
	at org.sqlite.jdbc3.JDBC3Connection.prepareStatement(JDBC3Connection.java:205)
	at server.dao.RoomDAO.getActiveRooms(RoomDAO.java:154)
	at server.AppServer$1.run(AppServer.java:69)
	at java.base/java.util.TimerThread.mainLoop(Timer.java:572)
	at java.base/java.util.TimerThread.run(Timer.java:522)
2026-05-24 00:24:57 [Timer-0] ERROR server.dao.RoomDAO - Lỗi SQL khi lấy danh sách phòng ACTIVE
java.sql.SQLException: database connection closed
	at org.sqlite.SQLiteConnection.checkOpen(SQLiteConnection.java:418)
	at org.sqlite.jdbc4.JDBC4Connection.prepareStatement(JDBC4Connection.java:31)
	at org.sqlite.jdbc3.JDBC3Connection.prepareStatement(JDBC3Connection.java:225)
	at org.sqlite.jdbc3.JDBC3Connection.prepareStatement(JDBC3Connection.java:205)
	at server.dao.RoomDAO.getActiveRooms(RoomDAO.java:154)
	at server.AppServer$1.run(AppServer.java:69)
	at java.base/java.util.TimerThread.mainLoop(Timer.java:572)
	at java.base/java.util.TimerThread.run(Timer.java:522)
2026-05-24 00:24:58 [Timer-0] ERROR server.dao.RoomDAO - Lỗi SQL khi lấy danh sách phòng ACTIVE
java.sql.SQLException: database connection closed
	at org.sqlite.SQLiteConnection.checkOpen(SQLiteConnection.java:418)
	at org.sqlite.jdbc4.JDBC4Connection.prepareStatement(JDBC4Connection.java:31)
	at org.sqlite.jdbc3.JDBC3Connection.prepareStatement(JDBC3Connection.java:225)
	at org.sqlite.jdbc3.JDBC3Connection.prepareStatement(JDBC3Connection.java:205)
	at server.dao.RoomDAO.getActiveRooms(RoomDAO.java:154)
	at server.AppServer$1.run(AppServer.java:69)
	at java.base/java.util.TimerThread.mainLoop(Timer.java:572)
	at java.base/java.util.TimerThread.run(Timer.java:522)
2026-05-24 00:24:59 [Timer-0] ERROR server.dao.RoomDAO - Lỗi SQL khi lấy danh sách phòng ACTIVE
java.sql.SQLException: database connection closed
	at org.sqlite.SQLiteConnection.checkOpen(SQLiteConnection.java:418)
	at org.sqlite.jdbc4.JDBC4Connection.prepareStatement(JDBC4Connection.java:31)
	at org.sqlite.jdbc3.JDBC3Connection.prepareStatement(JDBC3Connection.java:225)
	at org.sqlite.jdbc3.JDBC3Connection.prepareStatement(JDBC3Connection.java:205)
	at server.dao.RoomDAO.getActiveRooms(RoomDAO.java:154)
	at server.AppServer$1.run(AppServer.java:69)
	at java.base/java.util.TimerThread.mainLoop(Timer.java:572)
	at java.base/java.util.TimerThread.run(Timer.java:522)
2026-05-24 00:25:00 [Timer-0] ERROR server.dao.RoomDAO - Lỗi SQL khi lấy danh sách phòng ACTIVE
java.sql.SQLException: database connection closed
	at org.sqlite.SQLiteConnection.checkOpen(SQLiteConnection.java:418)
	at org.sqlite.jdbc4.JDBC4Connection.prepareStatement(JDBC4Connection.java:31)
	at org.sqlite.jdbc3.JDBC3Connection.prepareStatement(JDBC3Connection.java:225)
	at org.sqlite.jdbc3.JDBC3Connection.prepareStatement(JDBC3Connection.java:205)
	at server.dao.RoomDAO.getActiveRooms(RoomDAO.java:154)
	at server.AppServer$1.run(AppServer.java:69)
	at java.base/java.util.TimerThread.mainLoop(Timer.java:572)
	at java.base/java.util.TimerThread.run(Timer.java:522)
2026-05-24 00:25:01 [Timer-0] ERROR server.dao.RoomDAO - Lỗi SQL khi lấy danh sách phòng ACTIVE
java.sql.SQLException: database connection closed
	at org.sqlite.SQLiteConnection.checkOpen(SQLiteConnection.java:418)
	at org.sqlite.jdbc4.JDBC4Connection.prepareStatement(JDBC4Connection.java:31)
	at org.sqlite.jdbc3.JDBC3Connection.prepareStatement(JDBC3Connection.java:225)
	at org.sqlite.jdbc3.JDBC3Connection.prepareStatement(JDBC3Connection.java:205)
	at server.dao.RoomDAO.getActiveRooms(RoomDAO.java:154)
	at server.AppServer$1.run(AppServer.java:69)
	at java.base/java.util.TimerThread.mainLoop(Timer.java:572)
	at java.base/java.util.TimerThread.run(Timer.java:522)
2026-05-24 00:25:02 [Timer-0] ERROR server.dao.RoomDAO - Lỗi SQL khi lấy danh sách phòng ACTIVE
java.sql.SQLException: database connection closed
	at org.sqlite.SQLiteConnection.checkOpen(SQLiteConnection.java:418)
	at org.sqlite.jdbc4.JDBC4Connection.prepareStatement(JDBC4Connection.java:31)
	at org.sqlite.jdbc3.JDBC3Connection.prepareStatement(JDBC3Connection.java:225)
	at org.sqlite.jdbc3.JDBC3Connection.prepareStatement(JDBC3Connection.java:205)
	at server.dao.RoomDAO.getActiveRooms(RoomDAO.java:154)
	at server.AppServer$1.run(AppServer.java:69)
	at java.base/java.util.TimerThread.mainLoop(Timer.java:572)
	at java.base/java.util.TimerThread.run(Timer.java:522)
2026-05-24 00:25:03 [Timer-0] ERROR server.dao.RoomDAO - Lỗi SQL khi lấy danh sách phòng ACTIVE
java.sql.SQLException: database connection closed
	at org.sqlite.SQLiteConnection.checkOpen(SQLiteConnection.java:418)
	at org.sqlite.jdbc4.JDBC4Connection.prepareStatement(JDBC4Connection.java:31)
	at org.sqlite.jdbc3.JDBC3Connection.prepareStatement(JDBC3Connection.java:225)
	at org.sqlite.jdbc3.JDBC3Connection.prepareStatement(JDBC3Connection.java:205)
	at server.dao.RoomDAO.getActiveRooms(RoomDAO.java:154)
	at server.AppServer$1.run(AppServer.java:69)
	at java.base/java.util.TimerThread.mainLoop(Timer.java:572)
	at java.base/java.util.TimerThread.run(Timer.java:522)
2026-05-24 00:25:04 [Timer-0] ERROR server.dao.RoomDAO - Lỗi SQL khi lấy danh sách phòng ACTIVE
java.sql.SQLException: database connection closed
	at org.sqlite.SQLiteConnection.checkOpen(SQLiteConnection.java:418)
	at org.sqlite.jdbc4.JDBC4Connection.prepareStatement(JDBC4Connection.java:31)
	at org.sqlite.jdbc3.JDBC3Connection.prepareStatement(JDBC3Connection.java:225)
	at org.sqlite.jdbc3.JDBC3Connection.prepareStatement(JDBC3Connection.java:205)
	at server.dao.RoomDAO.getActiveRooms(RoomDAO.java:154)
	at server.AppServer$1.run(AppServer.java:69)
	at java.base/java.util.TimerThread.mainLoop(Timer.java:572)
	at java.base/java.util.TimerThread.run(Timer.java:522)
2026-05-24 00:25:05 [Timer-0] ERROR server.dao.RoomDAO - Lỗi SQL khi lấy danh sách phòng ACTIVE
java.sql.SQLException: database connection closed
	at org.sqlite.SQLiteConnection.checkOpen(SQLiteConnection.java:418)
	at org.sqlite.jdbc4.JDBC4Connection.prepareStatement(JDBC4Connection.java:31)
	at org.sqlite.jdbc3.JDBC3Connection.prepareStatement(JDBC3Connection.java:225)
	at org.sqlite.jdbc3.JDBC3Connection.prepareStatement(JDBC3Connection.java:205)
	at server.dao.RoomDAO.getActiveRooms(RoomDAO.java:154)
	at server.AppServer$1.run(AppServer.java:69)
	at java.base/java.util.TimerThread.mainLoop(Timer.java:572)
	at java.base/java.util.TimerThread.run(Timer.java:522)
2026-05-24 00:25:06 [Timer-0] ERROR server.dao.RoomDAO - Lỗi SQL khi lấy danh sách phòng ACTIVE
java.sql.SQLException: database connection closed
	at org.sqlite.SQLiteConnection.checkOpen(SQLiteConnection.java:418)
	at org.sqlite.jdbc4.JDBC4Connection.prepareStatement(JDBC4Connection.java:31)
	at org.sqlite.jdbc3.JDBC3Connection.prepareStatement(JDBC3Connection.java:225)
	at org.sqlite.jdbc3.JDBC3Connection.prepareStatement(JDBC3Connection.java:205)
	at server.dao.RoomDAO.getActiveRooms(RoomDAO.java:154)
	at server.AppServer$1.run(AppServer.java:69)
	at java.base/java.util.TimerThread.mainLoop(Timer.java:572)
	at java.base/java.util.TimerThread.run(Timer.java:522)
2026-05-24 00:25:07 [Timer-0] ERROR server.dao.RoomDAO - Lỗi SQL khi lấy danh sách phòng ACTIVE
java.sql.SQLException: database connection closed
	at org.sqlite.SQLiteConnection.checkOpen(SQLiteConnection.java:418)
	at org.sqlite.jdbc4.JDBC4Connection.prepareStatement(JDBC4Connection.java:31)
	at org.sqlite.jdbc3.JDBC3Connection.prepareStatement(JDBC3Connection.java:225)
	at org.sqlite.jdbc3.JDBC3Connection.prepareStatement(JDBC3Connection.java:205)
	at server.dao.RoomDAO.getActiveRooms(RoomDAO.java:154)
	at server.AppServer$1.run(AppServer.java:69)
	at java.base/java.util.TimerThread.mainLoop(Timer.java:572)
	at java.base/java.util.TimerThread.run(Timer.java:522)
2026-05-24 00:25:08 [Timer-0] ERROR server.dao.RoomDAO - Lỗi SQL khi lấy danh sách phòng ACTIVE
java.sql.SQLException: database connection closed
	at org.sqlite.SQLiteConnection.checkOpen(SQLiteConnection.java:418)
	at org.sqlite.jdbc4.JDBC4Connection.prepareStatement(JDBC4Connection.java:31)
	at org.sqlite.jdbc3.JDBC3Connection.prepareStatement(JDBC3Connection.java:225)
	at org.sqlite.jdbc3.JDBC3Connection.prepareStatement(JDBC3Connection.java:205)
	at server.dao.RoomDAO.getActiveRooms(RoomDAO.java:154)
	at server.AppServer$1.run(AppServer.java:69)
	at java.base/java.util.TimerThread.mainLoop(Timer.java:572)
	at java.base/java.util.TimerThread.run(Timer.java:522)
2026-05-24 00:25:09 [Timer-0] ERROR server.dao.RoomDAO - Lỗi SQL khi lấy danh sách phòng ACTIVE
java.sql.SQLException: database connection closed
	at org.sqlite.SQLiteConnection.checkOpen(SQLiteConnection.java:418)
	at org.sqlite.jdbc4.JDBC4Connection.prepareStatement(JDBC4Connection.java:31)
	at org.sqlite.jdbc3.JDBC3Connection.prepareStatement(JDBC3Connection.java:225)
	at org.sqlite.jdbc3.JDBC3Connection.prepareStatement(JDBC3Connection.java:205)
	at server.dao.RoomDAO.getActiveRooms(RoomDAO.java:154)
	at server.AppServer$1.run(AppServer.java:69)
	at java.base/java.util.TimerThread.mainLoop(Timer.java:572)
	at java.base/java.util.TimerThread.run(Timer.java:522)
2026-05-24 00:25:10 [Timer-0] ERROR server.dao.RoomDAO - Lỗi SQL khi lấy danh sách phòng ACTIVE
java.sql.SQLException: database connection closed
	at org.sqlite.SQLiteConnection.checkOpen(SQLiteConnection.java:418)
	at org.sqlite.jdbc4.JDBC4Connection.prepareStatement(JDBC4Connection.java:31)
	at org.sqlite.jdbc3.JDBC3Connection.prepareStatement(JDBC3Connection.java:225)
	at org.sqlite.jdbc3.JDBC3Connection.prepareStatement(JDBC3Connection.java:205)
	at server.dao.RoomDAO.getActiveRooms(RoomDAO.java:154)
	at server.AppServer$1.run(AppServer.java:69)
	at java.base/java.util.TimerThread.mainLoop(Timer.java:572)
	at java.base/java.util.TimerThread.run(Timer.java:522)
2026-05-24 00:25:11 [Timer-0] ERROR server.dao.RoomDAO - Lỗi SQL khi lấy danh sách phòng ACTIVE
java.sql.SQLException: database connection closed
	at org.sqlite.SQLiteConnection.checkOpen(SQLiteConnection.java:418)
	at org.sqlite.jdbc4.JDBC4Connection.prepareStatement(JDBC4Connection.java:31)
	at org.sqlite.jdbc3.JDBC3Connection.prepareStatement(JDBC3Connection.java:225)
	at org.sqlite.jdbc3.JDBC3Connection.prepareStatement(JDBC3Connection.java:205)
	at server.dao.RoomDAO.getActiveRooms(RoomDAO.java:154)
	at server.AppServer$1.run(AppServer.java:69)
	at java.base/java.util.TimerThread.mainLoop(Timer.java:572)
	at java.base/java.util.TimerThread.run(Timer.java:522)
2026-05-24 00:25:12 [Timer-0] ERROR server.dao.RoomDAO - Lỗi SQL khi lấy danh sách phòng ACTIVE
java.sql.SQLException: database connection closed
	at org.sqlite.SQLiteConnection.checkOpen(SQLiteConnection.java:418)
	at org.sqlite.jdbc4.JDBC4Connection.prepareStatement(JDBC4Connection.java:31)
	at org.sqlite.jdbc3.JDBC3Connection.prepareStatement(JDBC3Connection.java:225)
	at org.sqlite.jdbc3.JDBC3Connection.prepareStatement(JDBC3Connection.java:205)
	at server.dao.RoomDAO.getActiveRooms(RoomDAO.java:154)
	at server.AppServer$1.run(AppServer.java:69)
	at java.base/java.util.TimerThread.mainLoop(Timer.java:572)
	at java.base/java.util.TimerThread.run(Timer.java:522)
2026-05-24 00:25:13 [Timer-0] ERROR server.dao.RoomDAO - Lỗi SQL khi lấy danh sách phòng ACTIVE
java.sql.SQLException: database connection closed
	at org.sqlite.SQLiteConnection.checkOpen(SQLiteConnection.java:418)
	at org.sqlite.jdbc4.JDBC4Connection.prepareStatement(JDBC4Connection.java:31)
	at org.sqlite.jdbc3.JDBC3Connection.prepareStatement(JDBC3Connection.java:225)
	at org.sqlite.jdbc3.JDBC3Connection.prepareStatement(JDBC3Connection.java:205)
	at server.dao.RoomDAO.getActiveRooms(RoomDAO.java:154)
	at server.AppServer$1.run(AppServer.java:69)
	at java.base/java.util.TimerThread.mainLoop(Timer.java:572)
	at java.base/java.util.TimerThread.run(Timer.java:522)
2026-05-24 00:25:14 [Timer-0] ERROR server.dao.RoomDAO - Lỗi SQL khi lấy danh sách phòng ACTIVE
java.sql.SQLException: database connection closed
	at org.sqlite.SQLiteConnection.checkOpen(SQLiteConnection.java:418)
	at org.sqlite.jdbc4.JDBC4Connection.prepareStatement(JDBC4Connection.java:31)
	at org.sqlite.jdbc3.JDBC3Connection.prepareStatement(JDBC3Connection.java:225)
	at org.sqlite.jdbc3.JDBC3Connection.prepareStatement(JDBC3Connection.java:205)
	at server.dao.RoomDAO.getActiveRooms(RoomDAO.java:154)
	at server.AppServer$1.run(AppServer.java:69)
	at java.base/java.util.TimerThread.mainLoop(Timer.java:572)
	at java.base/java.util.TimerThread.run(Timer.java:522)
2026-05-24 00:25:15 [Timer-0] ERROR server.dao.RoomDAO - Lỗi SQL khi lấy danh sách phòng ACTIVE
java.sql.SQLException: database connection closed
	at org.sqlite.SQLiteConnection.checkOpen(SQLiteConnection.java:418)
	at org.sqlite.jdbc4.JDBC4Connection.prepareStatement(JDBC4Connection.java:31)
	at org.sqlite.jdbc3.JDBC3Connection.prepareStatement(JDBC3Connection.java:225)
	at org.sqlite.jdbc3.JDBC3Connection.prepareStatement(JDBC3Connection.java:205)
	at server.dao.RoomDAO.getActiveRooms(RoomDAO.java:154)
	at server.AppServer$1.run(AppServer.java:69)
	at java.base/java.util.TimerThread.mainLoop(Timer.java:572)
	at java.base/java.util.TimerThread.run(Timer.java:522)
2026-05-24 00:25:16 [Timer-0] ERROR server.dao.RoomDAO - Lỗi SQL khi lấy danh sách phòng ACTIVE
java.sql.SQLException: database connection closed
	at org.sqlite.SQLiteConnection.checkOpen(SQLiteConnection.java:418)
	at org.sqlite.jdbc4.JDBC4Connection.prepareStatement(JDBC4Connection.java:31)
	at org.sqlite.jdbc3.JDBC3Connection.prepareStatement(JDBC3Connection.java:225)
	at org.sqlite.jdbc3.JDBC3Connection.prepareStatement(JDBC3Connection.java:205)
	at server.dao.RoomDAO.getActiveRooms(RoomDAO.java:154)
	at server.AppServer$1.run(AppServer.java:69)
	at java.base/java.util.TimerThread.mainLoop(Timer.java:572)
	at java.base/java.util.TimerThread.run(Timer.java:522)
2026-05-24 00:25:17 [Timer-0] ERROR server.dao.RoomDAO - Lỗi SQL khi lấy danh sách phòng ACTIVE
java.sql.SQLException: database connection closed
	at org.sqlite.SQLiteConnection.checkOpen(SQLiteConnection.java:418)
	at org.sqlite.jdbc4.JDBC4Connection.prepareStatement(JDBC4Connection.java:31)
	at org.sqlite.jdbc3.JDBC3Connection.prepareStatement(JDBC3Connection.java:225)
	at org.sqlite.jdbc3.JDBC3Connection.prepareStatement(JDBC3Connection.java:205)
	at server.dao.RoomDAO.getActiveRooms(RoomDAO.java:154)
	at server.AppServer$1.run(AppServer.java:69)
	at java.base/java.util.TimerThread.mainLoop(Timer.java:572)
	at java.base/java.util.TimerThread.run(Timer.java:522)
2026-05-24 00:25:18 [Timer-0] ERROR server.dao.RoomDAO - Lỗi SQL khi lấy danh sách phòng ACTIVE
java.sql.SQLException: database connection closed
	at org.sqlite.SQLiteConnection.checkOpen(SQLiteConnection.java:418)
	at org.sqlite.jdbc4.JDBC4Connection.prepareStatement(JDBC4Connection.java:31)
	at org.sqlite.jdbc3.JDBC3Connection.prepareStatement(JDBC3Connection.java:225)
	at org.sqlite.jdbc3.JDBC3Connection.prepareStatement(JDBC3Connection.java:205)
	at server.dao.RoomDAO.getActiveRooms(RoomDAO.java:154)
	at server.AppServer$1.run(AppServer.java:69)
	at java.base/java.util.TimerThread.mainLoop(Timer.java:572)
	at java.base/java.util.TimerThread.run(Timer.java:522)
2026-05-24 00:25:19 [Timer-0] ERROR server.dao.RoomDAO - Lỗi SQL khi lấy danh sách phòng ACTIVE
java.sql.SQLException: database connection closed
	at org.sqlite.SQLiteConnection.checkOpen(SQLiteConnection.java:418)
	at org.sqlite.jdbc4.JDBC4Connection.prepareStatement(JDBC4Connection.java:31)
	at org.sqlite.jdbc3.JDBC3Connection.prepareStatement(JDBC3Connection.java:225)
	at org.sqlite.jdbc3.JDBC3Connection.prepareStatement(JDBC3Connection.java:205)
	at server.dao.RoomDAO.getActiveRooms(RoomDAO.java:154)
	at server.AppServer$1.run(AppServer.java:69)
	at java.base/java.util.TimerThread.mainLoop(Timer.java:572)
	at java.base/java.util.TimerThread.run(Timer.java:522)
2026-05-24 00:25:20 [Timer-0] ERROR server.dao.RoomDAO - Lỗi SQL khi lấy danh sách phòng ACTIVE
java.sql.SQLException: database connection closed
	at org.sqlite.SQLiteConnection.checkOpen(SQLiteConnection.java:418)
	at org.sqlite.jdbc4.JDBC4Connection.prepareStatement(JDBC4Connection.java:31)
	at org.sqlite.jdbc3.JDBC3Connection.prepareStatement(JDBC3Connection.java:225)
	at org.sqlite.jdbc3.JDBC3Connection.prepareStatement(JDBC3Connection.java:205)
	at server.dao.RoomDAO.getActiveRooms(RoomDAO.java:154)
	at server.AppServer$1.run(AppServer.java:69)
	at java.base/java.util.TimerThread.mainLoop(Timer.java:572)
	at java.base/java.util.TimerThread.run(Timer.java:522)
2026-05-24 00:25:21 [Timer-0] ERROR server.dao.RoomDAO - Lỗi SQL khi lấy danh sách phòng ACTIVE
java.sql.SQLException: database connection closed
	at org.sqlite.SQLiteConnection.checkOpen(SQLiteConnection.java:418)
	at org.sqlite.jdbc4.JDBC4Connection.prepareStatement(JDBC4Connection.java:31)
	at org.sqlite.jdbc3.JDBC3Connection.prepareStatement(JDBC3Connection.java:225)
	at org.sqlite.jdbc3.JDBC3Connection.prepareStatement(JDBC3Connection.java:205)
	at server.dao.RoomDAO.getActiveRooms(RoomDAO.java:154)
	at server.AppServer$1.run(AppServer.java:69)
	at java.base/java.util.TimerThread.mainLoop(Timer.java:572)
	at java.base/java.util.TimerThread.run(Timer.java:522)
2026-05-24 00:25:22 [Timer-0] ERROR server.dao.RoomDAO - Lỗi SQL khi lấy danh sách phòng ACTIVE
java.sql.SQLException: database connection closed
	at org.sqlite.SQLiteConnection.checkOpen(SQLiteConnection.java:418)
	at org.sqlite.jdbc4.JDBC4Connection.prepareStatement(JDBC4Connection.java:31)
	at org.sqlite.jdbc3.JDBC3Connection.prepareStatement(JDBC3Connection.java:225)
	at org.sqlite.jdbc3.JDBC3Connection.prepareStatement(JDBC3Connection.java:205)
	at server.dao.RoomDAO.getActiveRooms(RoomDAO.java:154)
	at server.AppServer$1.run(AppServer.java:69)
	at java.base/java.util.TimerThread.mainLoop(Timer.java:572)
	at java.base/java.util.TimerThread.run(Timer.java:522)
2026-05-24 00:25:23 [Timer-0] ERROR server.dao.RoomDAO - Lỗi SQL khi lấy danh sách phòng ACTIVE
java.sql.SQLException: database connection closed
	at org.sqlite.SQLiteConnection.checkOpen(SQLiteConnection.java:418)
	at org.sqlite.jdbc4.JDBC4Connection.prepareStatement(JDBC4Connection.java:31)
	at org.sqlite.jdbc3.JDBC3Connection.prepareStatement(JDBC3Connection.java:225)
	at org.sqlite.jdbc3.JDBC3Connection.prepareStatement(JDBC3Connection.java:205)
	at server.dao.RoomDAO.getActiveRooms(RoomDAO.java:154)
	at server.AppServer$1.run(AppServer.java:69)
	at java.base/java.util.TimerThread.mainLoop(Timer.java:572)
	at java.base/java.util.TimerThread.run(Timer.java:522)
2026-05-24 00:25:24 [Timer-0] ERROR server.dao.RoomDAO - Lỗi SQL khi lấy danh sách phòng ACTIVE
java.sql.SQLException: database connection closed
	at org.sqlite.SQLiteConnection.checkOpen(SQLiteConnection.java:418)
	at org.sqlite.jdbc4.JDBC4Connection.prepareStatement(JDBC4Connection.java:31)
	at org.sqlite.jdbc3.JDBC3Connection.prepareStatement(JDBC3Connection.java:225)
	at org.sqlite.jdbc3.JDBC3Connection.prepareStatement(JDBC3Connection.java:205)
	at server.dao.RoomDAO.getActiveRooms(RoomDAO.java:154)
	at server.AppServer$1.run(AppServer.java:69)
	at java.base/java.util.TimerThread.mainLoop(Timer.java:572)
	at java.base/java.util.TimerThread.run(Timer.java:522)
2026-05-24 00:25:25 [Timer-0] ERROR server.dao.RoomDAO - Lỗi SQL khi lấy danh sách phòng ACTIVE
java.sql.SQLException: database connection closed
	at org.sqlite.SQLiteConnection.checkOpen(SQLiteConnection.java:418)
	at org.sqlite.jdbc4.JDBC4Connection.prepareStatement(JDBC4Connection.java:31)
	at org.sqlite.jdbc3.JDBC3Connection.prepareStatement(JDBC3Connection.java:225)
	at org.sqlite.jdbc3.JDBC3Connection.prepareStatement(JDBC3Connection.java:205)
	at server.dao.RoomDAO.getActiveRooms(RoomDAO.java:154)
	at server.AppServer$1.run(AppServer.java:69)
	at java.base/java.util.TimerThread.mainLoop(Timer.java:572)
	at java.base/java.util.TimerThread.run(Timer.java:522)
2026-05-24 00:25:26 [Timer-0] ERROR server.dao.RoomDAO - Lỗi SQL khi lấy danh sách phòng ACTIVE
java.sql.SQLException: database connection closed
	at org.sqlite.SQLiteConnection.checkOpen(SQLiteConnection.java:418)
	at org.sqlite.jdbc4.JDBC4Connection.prepareStatement(JDBC4Connection.java:31)
	at org.sqlite.jdbc3.JDBC3Connection.prepareStatement(JDBC3Connection.java:225)
	at org.sqlite.jdbc3.JDBC3Connection.prepareStatement(JDBC3Connection.java:205)
	at server.dao.RoomDAO.getActiveRooms(RoomDAO.java:154)
	at server.AppServer$1.run(AppServer.java:69)
	at java.base/java.util.TimerThread.mainLoop(Timer.java:572)
	at java.base/java.util.TimerThread.run(Timer.java:522)
2026-05-24 00:25:27 [Timer-0] ERROR server.dao.RoomDAO - Lỗi SQL khi lấy danh sách phòng ACTIVE
java.sql.SQLException: database connection closed
	at org.sqlite.SQLiteConnection.checkOpen(SQLiteConnection.java:418)
	at org.sqlite.jdbc4.JDBC4Connection.prepareStatement(JDBC4Connection.java:31)
	at org.sqlite.jdbc3.JDBC3Connection.prepareStatement(JDBC3Connection.java:225)
	at org.sqlite.jdbc3.JDBC3Connection.prepareStatement(JDBC3Connection.java:205)
	at server.dao.RoomDAO.getActiveRooms(RoomDAO.java:154)
	at server.AppServer$1.run(AppServer.java:69)
	at java.base/java.util.TimerThread.mainLoop(Timer.java:572)
	at java.base/java.util.TimerThread.run(Timer.java:522)
2026-05-24 00:25:28 [Timer-0] ERROR server.dao.RoomDAO - Lỗi SQL khi lấy danh sách phòng ACTIVE
java.sql.SQLException: database connection closed
	at org.sqlite.SQLiteConnection.checkOpen(SQLiteConnection.java:418)
	at org.sqlite.jdbc4.JDBC4Connection.prepareStatement(JDBC4Connection.java:31)
	at org.sqlite.jdbc3.JDBC3Connection.prepareStatement(JDBC3Connection.java:225)
	at org.sqlite.jdbc3.JDBC3Connection.prepareStatement(JDBC3Connection.java:205)
	at server.dao.RoomDAO.getActiveRooms(RoomDAO.java:154)
	at server.AppServer$1.run(AppServer.java:69)
	at java.base/java.util.TimerThread.mainLoop(Timer.java:572)
	at java.base/java.util.TimerThread.run(Timer.java:522)
2026-05-24 00:25:29 [Timer-0] ERROR server.dao.RoomDAO - Lỗi SQL khi lấy danh sách phòng ACTIVE
java.sql.SQLException: database connection closed
	at org.sqlite.SQLiteConnection.checkOpen(SQLiteConnection.java:418)
	at org.sqlite.jdbc4.JDBC4Connection.prepareStatement(JDBC4Connection.java:31)
	at org.sqlite.jdbc3.JDBC3Connection.prepareStatement(JDBC3Connection.java:225)
	at org.sqlite.jdbc3.JDBC3Connection.prepareStatement(JDBC3Connection.java:205)
	at server.dao.RoomDAO.getActiveRooms(RoomDAO.java:154)
	at server.AppServer$1.run(AppServer.java:69)
	at java.base/java.util.TimerThread.mainLoop(Timer.java:572)
	at java.base/java.util.TimerThread.run(Timer.java:522)
2026-05-24 00:25:30 [Timer-0] ERROR server.dao.RoomDAO - Lỗi SQL khi lấy danh sách phòng ACTIVE
java.sql.SQLException: database connection closed
	at org.sqlite.SQLiteConnection.checkOpen(SQLiteConnection.java:418)
	at org.sqlite.jdbc4.JDBC4Connection.prepareStatement(JDBC4Connection.java:31)
	at org.sqlite.jdbc3.JDBC3Connection.prepareStatement(JDBC3Connection.java:225)
	at org.sqlite.jdbc3.JDBC3Connection.prepareStatement(JDBC3Connection.java:205)
	at server.dao.RoomDAO.getActiveRooms(RoomDAO.java:154)
	at server.AppServer$1.run(AppServer.java:69)
	at java.base/java.util.TimerThread.mainLoop(Timer.java:572)
	at java.base/java.util.TimerThread.run(Timer.java:522)
2026-05-24 00:25:31 [Timer-0] ERROR server.dao.RoomDAO - Lỗi SQL khi lấy danh sách phòng ACTIVE
java.sql.SQLException: database connection closed
	at org.sqlite.SQLiteConnection.checkOpen(SQLiteConnection.java:418)
	at org.sqlite.jdbc4.JDBC4Connection.prepareStatement(JDBC4Connection.java:31)
	at org.sqlite.jdbc3.JDBC3Connection.prepareStatement(JDBC3Connection.java:225)
	at org.sqlite.jdbc3.JDBC3Connection.prepareStatement(JDBC3Connection.java:205)
	at server.dao.RoomDAO.getActiveRooms(RoomDAO.java:154)
	at server.AppServer$1.run(AppServer.java:69)
	at java.base/java.util.TimerThread.mainLoop(Timer.java:572)
	at java.base/java.util.TimerThread.run(Timer.java:522)
2026-05-24 00:25:32 [Timer-0] ERROR server.dao.RoomDAO - Lỗi SQL khi lấy danh sách phòng ACTIVE
java.sql.SQLException: database connection closed
	at org.sqlite.SQLiteConnection.checkOpen(SQLiteConnection.java:418)
	at org.sqlite.jdbc4.JDBC4Connection.prepareStatement(JDBC4Connection.java:31)
	at org.sqlite.jdbc3.JDBC3Connection.prepareStatement(JDBC3Connection.java:225)
	at org.sqlite.jdbc3.JDBC3Connection.prepareStatement(JDBC3Connection.java:205)
	at server.dao.RoomDAO.getActiveRooms(RoomDAO.java:154)
	at server.AppServer$1.run(AppServer.java:69)
	at java.base/java.util.TimerThread.mainLoop(Timer.java:572)
	at java.base/java.util.TimerThread.run(Timer.java:522)
2026-05-24 00:25:33 [Timer-0] ERROR server.dao.RoomDAO - Lỗi SQL khi lấy danh sách phòng ACTIVE
java.sql.SQLException: database connection closed
	at org.sqlite.SQLiteConnection.checkOpen(SQLiteConnection.java:418)
	at org.sqlite.jdbc4.JDBC4Connection.prepareStatement(JDBC4Connection.java:31)
	at org.sqlite.jdbc3.JDBC3Connection.prepareStatement(JDBC3Connection.java:225)
	at org.sqlite.jdbc3.JDBC3Connection.prepareStatement(JDBC3Connection.java:205)
	at server.dao.RoomDAO.getActiveRooms(RoomDAO.java:154)
	at server.AppServer$1.run(AppServer.java:69)
	at java.base/java.util.TimerThread.mainLoop(Timer.java:572)
	at java.base/java.util.TimerThread.run(Timer.java:522)
2026-05-24 00:25:34 [Timer-0] ERROR server.dao.RoomDAO - Lỗi SQL khi lấy danh sách phòng ACTIVE
java.sql.SQLException: database connection closed
	at org.sqlite.SQLiteConnection.checkOpen(SQLiteConnection.java:418)
	at org.sqlite.jdbc4.JDBC4Connection.prepareStatement(JDBC4Connection.java:31)
	at org.sqlite.jdbc3.JDBC3Connection.prepareStatement(JDBC3Connection.java:225)
	at org.sqlite.jdbc3.JDBC3Connection.prepareStatement(JDBC3Connection.java:205)
	at server.dao.RoomDAO.getActiveRooms(RoomDAO.java:154)
	at server.AppServer$1.run(AppServer.java:69)
	at java.base/java.util.TimerThread.mainLoop(Timer.java:572)
	at java.base/java.util.TimerThread.run(Timer.java:522)
2026-05-24 00:25:35 [Timer-0] ERROR server.dao.RoomDAO - Lỗi SQL khi lấy danh sách phòng ACTIVE
java.sql.SQLException: database connection closed
	at org.sqlite.SQLiteConnection.checkOpen(SQLiteConnection.java:418)
	at org.sqlite.jdbc4.JDBC4Connection.prepareStatement(JDBC4Connection.java:31)
	at org.sqlite.jdbc3.JDBC3Connection.prepareStatement(JDBC3Connection.java:225)
	at org.sqlite.jdbc3.JDBC3Connection.prepareStatement(JDBC3Connection.java:205)
	at server.dao.RoomDAO.getActiveRooms(RoomDAO.java:154)
	at server.AppServer$1.run(AppServer.java:69)
	at java.base/java.util.TimerThread.mainLoop(Timer.java:572)
	at java.base/java.util.TimerThread.run(Timer.java:522)
2026-05-24 00:25:36 [Timer-0] ERROR server.dao.RoomDAO - Lỗi SQL khi lấy danh sách phòng ACTIVE
java.sql.SQLException: database connection closed
	at org.sqlite.SQLiteConnection.checkOpen(SQLiteConnection.java:418)
	at org.sqlite.jdbc4.JDBC4Connection.prepareStatement(JDBC4Connection.java:31)
	at org.sqlite.jdbc3.JDBC3Connection.prepareStatement(JDBC3Connection.java:225)
	at org.sqlite.jdbc3.JDBC3Connection.prepareStatement(JDBC3Connection.java:205)
	at server.dao.RoomDAO.getActiveRooms(RoomDAO.java:154)
	at server.AppServer$1.run(AppServer.java:69)
	at java.base/java.util.TimerThread.mainLoop(Timer.java:572)
	at java.base/java.util.TimerThread.run(Timer.java:522)
2026-05-24 00:25:37 [Timer-0] ERROR server.dao.RoomDAO - Lỗi SQL khi lấy danh sách phòng ACTIVE
java.sql.SQLException: database connection closed
	at org.sqlite.SQLiteConnection.checkOpen(SQLiteConnection.java:418)
	at org.sqlite.jdbc4.JDBC4Connection.prepareStatement(JDBC4Connection.java:31)
	at org.sqlite.jdbc3.JDBC3Connection.prepareStatement(JDBC3Connection.java:225)
	at org.sqlite.jdbc3.JDBC3Connection.prepareStatement(JDBC3Connection.java:205)
	at server.dao.RoomDAO.getActiveRooms(RoomDAO.java:154)
	at server.AppServer$1.run(AppServer.java:69)
	at java.base/java.util.TimerThread.mainLoop(Timer.java:572)
	at java.base/java.util.TimerThread.run(Timer.java:522)
2026-05-24 00:25:38 [Timer-0] ERROR server.dao.RoomDAO - Lỗi SQL khi lấy danh sách phòng ACTIVE
java.sql.SQLException: database connection closed
	at org.sqlite.SQLiteConnection.checkOpen(SQLiteConnection.java:418)
	at org.sqlite.jdbc4.JDBC4Connection.prepareStatement(JDBC4Connection.java:31)
	at org.sqlite.jdbc3.JDBC3Connection.prepareStatement(JDBC3Connection.java:225)
	at org.sqlite.jdbc3.JDBC3Connection.prepareStatement(JDBC3Connection.java:205)
	at server.dao.RoomDAO.getActiveRooms(RoomDAO.java:154)
	at server.AppServer$1.run(AppServer.java:69)
	at java.base/java.util.TimerThread.mainLoop(Timer.java:572)
	at java.base/java.util.TimerThread.run(Timer.java:522)
2026-05-24 00:25:39 [Timer-0] ERROR server.dao.RoomDAO - Lỗi SQL khi lấy danh sách phòng ACTIVE
java.sql.SQLException: database connection closed
	at org.sqlite.SQLiteConnection.checkOpen(SQLiteConnection.java:418)
	at org.sqlite.jdbc4.JDBC4Connection.prepareStatement(JDBC4Connection.java:31)
	at org.sqlite.jdbc3.JDBC3Connection.prepareStatement(JDBC3Connection.java:225)
	at org.sqlite.jdbc3.JDBC3Connection.prepareStatement(JDBC3Connection.java:205)
	at server.dao.RoomDAO.getActiveRooms(RoomDAO.java:154)
	at server.AppServer$1.run(AppServer.java:69)
	at java.base/java.util.TimerThread.mainLoop(Timer.java:572)
	at java.base/java.util.TimerThread.run(Timer.java:522)
2026-05-24 00:25:40 [Timer-0] ERROR server.dao.RoomDAO - Lỗi SQL khi lấy danh sách phòng ACTIVE
java.sql.SQLException: database connection closed
	at org.sqlite.SQLiteConnection.checkOpen(SQLiteConnection.java:418)
	at org.sqlite.jdbc4.JDBC4Connection.prepareStatement(JDBC4Connection.java:31)
	at org.sqlite.jdbc3.JDBC3Connection.prepareStatement(JDBC3Connection.java:225)
	at org.sqlite.jdbc3.JDBC3Connection.prepareStatement(JDBC3Connection.java:205)
	at server.dao.RoomDAO.getActiveRooms(RoomDAO.java:154)
	at server.AppServer$1.run(AppServer.java:69)
	at java.base/java.util.TimerThread.mainLoop(Timer.java:572)
	at java.base/java.util.TimerThread.run(Timer.java:522)
2026-05-24 00:25:41 [Timer-0] ERROR server.dao.RoomDAO - Lỗi SQL khi lấy danh sách phòng ACTIVE
java.sql.SQLException: database connection closed
	at org.sqlite.SQLiteConnection.checkOpen(SQLiteConnection.java:418)
	at org.sqlite.jdbc4.JDBC4Connection.prepareStatement(JDBC4Connection.java:31)
	at org.sqlite.jdbc3.JDBC3Connection.prepareStatement(JDBC3Connection.java:225)
	at org.sqlite.jdbc3.JDBC3Connection.prepareStatement(JDBC3Connection.java:205)
	at server.dao.RoomDAO.getActiveRooms(RoomDAO.java:154)
	at server.AppServer$1.run(AppServer.java:69)
	at java.base/java.util.TimerThread.mainLoop(Timer.java:572)
	at java.base/java.util.TimerThread.run(Timer.java:522)
2026-05-24 00:25:42 [Timer-0] ERROR server.dao.RoomDAO - Lỗi SQL khi lấy danh sách phòng ACTIVE
java.sql.SQLException: database connection closed
	at org.sqlite.SQLiteConnection.checkOpen(SQLiteConnection.java:418)
	at org.sqlite.jdbc4.JDBC4Connection.prepareStatement(JDBC4Connection.java:31)
	at org.sqlite.jdbc3.JDBC3Connection.prepareStatement(JDBC3Connection.java:225)
	at org.sqlite.jdbc3.JDBC3Connection.prepareStatement(JDBC3Connection.java:205)
	at server.dao.RoomDAO.getActiveRooms(RoomDAO.java:154)
	at server.AppServer$1.run(AppServer.java:69)
	at java.base/java.util.TimerThread.mainLoop(Timer.java:572)
	at java.base/java.util.TimerThread.run(Timer.java:522)
2026-05-24 00:25:43 [Timer-0] ERROR server.dao.RoomDAO - Lỗi SQL khi lấy danh sách phòng ACTIVE
java.sql.SQLException: database connection closed
	at org.sqlite.SQLiteConnection.checkOpen(SQLiteConnection.java:418)
	at org.sqlite.jdbc4.JDBC4Connection.prepareStatement(JDBC4Connection.java:31)
	at org.sqlite.jdbc3.JDBC3Connection.prepareStatement(JDBC3Connection.java:225)
	at org.sqlite.jdbc3.JDBC3Connection.prepareStatement(JDBC3Connection.java:205)
	at server.dao.RoomDAO.getActiveRooms(RoomDAO.java:154)
	at server.AppServer$1.run(AppServer.java:69)
	at java.base/java.util.TimerThread.mainLoop(Timer.java:572)
	at java.base/java.util.TimerThread.run(Timer.java:522)
2026-05-24 00:25:44 [Timer-0] ERROR server.dao.RoomDAO - Lỗi SQL khi lấy danh sách phòng ACTIVE
java.sql.SQLException: database connection closed
	at org.sqlite.SQLiteConnection.checkOpen(SQLiteConnection.java:418)
	at org.sqlite.jdbc4.JDBC4Connection.prepareStatement(JDBC4Connection.java:31)
	at org.sqlite.jdbc3.JDBC3Connection.prepareStatement(JDBC3Connection.java:225)
	at org.sqlite.jdbc3.JDBC3Connection.prepareStatement(JDBC3Connection.java:205)
	at server.dao.RoomDAO.getActiveRooms(RoomDAO.java:154)
	at server.AppServer$1.run(AppServer.java:69)
	at java.base/java.util.TimerThread.mainLoop(Timer.java:572)
	at java.base/java.util.TimerThread.run(Timer.java:522)
2026-05-24 00:25:45 [Timer-0] ERROR server.dao.RoomDAO - Lỗi SQL khi lấy danh sách phòng ACTIVE
java.sql.SQLException: database connection closed
	at org.sqlite.SQLiteConnection.checkOpen(SQLiteConnection.java:418)
	at org.sqlite.jdbc4.JDBC4Connection.prepareStatement(JDBC4Connection.java:31)
	at org.sqlite.jdbc3.JDBC3Connection.prepareStatement(JDBC3Connection.java:225)
	at org.sqlite.jdbc3.JDBC3Connection.prepareStatement(JDBC3Connection.java:205)
	at server.dao.RoomDAO.getActiveRooms(RoomDAO.java:154)
	at server.AppServer$1.run(AppServer.java:69)
	at java.base/java.util.TimerThread.mainLoop(Timer.java:572)
	at java.base/java.util.TimerThread.run(Timer.java:522)
2026-05-24 00:25:46 [Timer-0] ERROR server.dao.RoomDAO - Lỗi SQL khi lấy danh sách phòng ACTIVE
java.sql.SQLException: database connection closed
	at org.sqlite.SQLiteConnection.checkOpen(SQLiteConnection.java:418)
	at org.sqlite.jdbc4.JDBC4Connection.prepareStatement(JDBC4Connection.java:31)
	at org.sqlite.jdbc3.JDBC3Connection.prepareStatement(JDBC3Connection.java:225)
	at org.sqlite.jdbc3.JDBC3Connection.prepareStatement(JDBC3Connection.java:205)
	at server.dao.RoomDAO.getActiveRooms(RoomDAO.java:154)
	at server.AppServer$1.run(AppServer.java:69)
	at java.base/java.util.TimerThread.mainLoop(Timer.java:572)
	at java.base/java.util.TimerThread.run(Timer.java:522)
2026-05-24 00:25:47 [Timer-0] ERROR server.dao.RoomDAO - Lỗi SQL khi lấy danh sách phòng ACTIVE
java.sql.SQLException: database connection closed
	at org.sqlite.SQLiteConnection.checkOpen(SQLiteConnection.java:418)
	at org.sqlite.jdbc4.JDBC4Connection.prepareStatement(JDBC4Connection.java:31)
	at org.sqlite.jdbc3.JDBC3Connection.prepareStatement(JDBC3Connection.java:225)
	at org.sqlite.jdbc3.JDBC3Connection.prepareStatement(JDBC3Connection.java:205)
	at server.dao.RoomDAO.getActiveRooms(RoomDAO.java:154)
	at server.AppServer$1.run(AppServer.java:69)
	at java.base/java.util.TimerThread.mainLoop(Timer.java:572)
	at java.base/java.util.TimerThread.run(Timer.java:522)
2026-05-24 00:25:48 [Timer-0] ERROR server.dao.RoomDAO - Lỗi SQL khi lấy danh sách phòng ACTIVE
java.sql.SQLException: database connection closed
	at org.sqlite.SQLiteConnection.checkOpen(SQLiteConnection.java:418)
	at org.sqlite.jdbc4.JDBC4Connection.prepareStatement(JDBC4Connection.java:31)
	at org.sqlite.jdbc3.JDBC3Connection.prepareStatement(JDBC3Connection.java:225)
	at org.sqlite.jdbc3.JDBC3Connection.prepareStatement(JDBC3Connection.java:205)
	at server.dao.RoomDAO.getActiveRooms(RoomDAO.java:154)
	at server.AppServer$1.run(AppServer.java:69)
	at java.base/java.util.TimerThread.mainLoop(Timer.java:572)
	at java.base/java.util.TimerThread.run(Timer.java:522)
2026-05-24 00:25:49 [Timer-0] ERROR server.dao.RoomDAO - Lỗi SQL khi lấy danh sách phòng ACTIVE
java.sql.SQLException: database connection closed
	at org.sqlite.SQLiteConnection.checkOpen(SQLiteConnection.java:418)
	at org.sqlite.jdbc4.JDBC4Connection.prepareStatement(JDBC4Connection.java:31)
	at org.sqlite.jdbc3.JDBC3Connection.prepareStatement(JDBC3Connection.java:225)
	at org.sqlite.jdbc3.JDBC3Connection.prepareStatement(JDBC3Connection.java:205)
	at server.dao.RoomDAO.getActiveRooms(RoomDAO.java:154)
	at server.AppServer$1.run(AppServer.java:69)
	at java.base/java.util.TimerThread.mainLoop(Timer.java:572)
	at java.base/java.util.TimerThread.run(Timer.java:522)
2026-05-24 00:25:50 [Timer-0] ERROR server.dao.RoomDAO - Lỗi SQL khi lấy danh sách phòng ACTIVE
java.sql.SQLException: database connection closed
	at org.sqlite.SQLiteConnection.checkOpen(SQLiteConnection.java:418)
	at org.sqlite.jdbc4.JDBC4Connection.prepareStatement(JDBC4Connection.java:31)
	at org.sqlite.jdbc3.JDBC3Connection.prepareStatement(JDBC3Connection.java:225)
	at org.sqlite.jdbc3.JDBC3Connection.prepareStatement(JDBC3Connection.java:205)
	at server.dao.RoomDAO.getActiveRooms(RoomDAO.java:154)
	at server.AppServer$1.run(AppServer.java:69)
	at java.base/java.util.TimerThread.mainLoop(Timer.java:572)
	at java.base/java.util.TimerThread.run(Timer.java:522)
2026-05-24 00:25:51 [Timer-0] ERROR server.dao.RoomDAO - Lỗi SQL khi lấy danh sách phòng ACTIVE
java.sql.SQLException: database connection closed
	at org.sqlite.SQLiteConnection.checkOpen(SQLiteConnection.java:418)
	at org.sqlite.jdbc4.JDBC4Connection.prepareStatement(JDBC4Connection.java:31)
	at org.sqlite.jdbc3.JDBC3Connection.prepareStatement(JDBC3Connection.java:225)
	at org.sqlite.jdbc3.JDBC3Connection.prepareStatement(JDBC3Connection.java:205)
	at server.dao.RoomDAO.getActiveRooms(RoomDAO.java:154)
	at server.AppServer$1.run(AppServer.java:69)
	at java.base/java.util.TimerThread.mainLoop(Timer.java:572)
	at java.base/java.util.TimerThread.run(Timer.java:522)
2026-05-24 00:25:52 [Timer-0] ERROR server.dao.RoomDAO - Lỗi SQL khi lấy danh sách phòng ACTIVE
java.sql.SQLException: database connection closed
	at org.sqlite.SQLiteConnection.checkOpen(SQLiteConnection.java:418)
	at org.sqlite.jdbc4.JDBC4Connection.prepareStatement(JDBC4Connection.java:31)
	at org.sqlite.jdbc3.JDBC3Connection.prepareStatement(JDBC3Connection.java:225)
	at org.sqlite.jdbc3.JDBC3Connection.prepareStatement(JDBC3Connection.java:205)
	at server.dao.RoomDAO.getActiveRooms(RoomDAO.java:154)
	at server.AppServer$1.run(AppServer.java:69)
	at java.base/java.util.TimerThread.mainLoop(Timer.java:572)
	at java.base/java.util.TimerThread.run(Timer.java:522)
2026-05-24 00:25:53 [Timer-0] ERROR server.dao.RoomDAO - Lỗi SQL khi lấy danh sách phòng ACTIVE
java.sql.SQLException: database connection closed
	at org.sqlite.SQLiteConnection.checkOpen(SQLiteConnection.java:418)
	at org.sqlite.jdbc4.JDBC4Connection.prepareStatement(JDBC4Connection.java:31)
	at org.sqlite.jdbc3.JDBC3Connection.prepareStatement(JDBC3Connection.java:225)
	at org.sqlite.jdbc3.JDBC3Connection.prepareStatement(JDBC3Connection.java:205)
	at server.dao.RoomDAO.getActiveRooms(RoomDAO.java:154)
	at server.AppServer$1.run(AppServer.java:69)
	at java.base/java.util.TimerThread.mainLoop(Timer.java:572)
	at java.base/java.util.TimerThread.run(Timer.java:522)
2026-05-24 00:25:54 [Timer-0] ERROR server.dao.RoomDAO - Lỗi SQL khi lấy danh sách phòng ACTIVE
java.sql.SQLException: database connection closed
	at org.sqlite.SQLiteConnection.checkOpen(SQLiteConnection.java:418)
	at org.sqlite.jdbc4.JDBC4Connection.prepareStatement(JDBC4Connection.java:31)
	at org.sqlite.jdbc3.JDBC3Connection.prepareStatement(JDBC3Connection.java:225)
	at org.sqlite.jdbc3.JDBC3Connection.prepareStatement(JDBC3Connection.java:205)
	at server.dao.RoomDAO.getActiveRooms(RoomDAO.java:154)
	at server.AppServer$1.run(AppServer.java:69)
	at java.base/java.util.TimerThread.mainLoop(Timer.java:572)
	at java.base/java.util.TimerThread.run(Timer.java:522)
2026-05-24 00:25:55 [Timer-0] ERROR server.dao.RoomDAO - Lỗi SQL khi lấy danh sách phòng ACTIVE
java.sql.SQLException: database connection closed
	at org.sqlite.SQLiteConnection.checkOpen(SQLiteConnection.java:418)
	at org.sqlite.jdbc4.JDBC4Connection.prepareStatement(JDBC4Connection.java:31)
	at org.sqlite.jdbc3.JDBC3Connection.prepareStatement(JDBC3Connection.java:225)
	at org.sqlite.jdbc3.JDBC3Connection.prepareStatement(JDBC3Connection.java:205)
	at server.dao.RoomDAO.getActiveRooms(RoomDAO.java:154)
	at server.AppServer$1.run(AppServer.java:69)
	at java.base/java.util.TimerThread.mainLoop(Timer.java:572)
	at java.base/java.util.TimerThread.run(Timer.java:522)
2026-05-24 00:25:56 [Timer-0] ERROR server.dao.RoomDAO - Lỗi SQL khi lấy danh sách phòng ACTIVE
java.sql.SQLException: database connection closed
	at org.sqlite.SQLiteConnection.checkOpen(SQLiteConnection.java:418)
	at org.sqlite.jdbc4.JDBC4Connection.prepareStatement(JDBC4Connection.java:31)
	at org.sqlite.jdbc3.JDBC3Connection.prepareStatement(JDBC3Connection.java:225)
	at org.sqlite.jdbc3.JDBC3Connection.prepareStatement(JDBC3Connection.java:205)
	at server.dao.RoomDAO.getActiveRooms(RoomDAO.java:154)
	at server.AppServer$1.run(AppServer.java:69)
	at java.base/java.util.TimerThread.mainLoop(Timer.java:572)
	at java.base/java.util.TimerThread.run(Timer.java:522)
2026-05-24 00:25:57 [Timer-0] ERROR server.dao.RoomDAO - Lỗi SQL khi lấy danh sách phòng ACTIVE
java.sql.SQLException: database connection closed
	at org.sqlite.SQLiteConnection.checkOpen(SQLiteConnection.java:418)
	at org.sqlite.jdbc4.JDBC4Connection.prepareStatement(JDBC4Connection.java:31)
	at org.sqlite.jdbc3.JDBC3Connection.prepareStatement(JDBC3Connection.java:225)
	at org.sqlite.jdbc3.JDBC3Connection.prepareStatement(JDBC3Connection.java:205)
	at server.dao.RoomDAO.getActiveRooms(RoomDAO.java:154)
	at server.AppServer$1.run(AppServer.java:69)
	at java.base/java.util.TimerThread.mainLoop(Timer.java:572)
	at java.base/java.util.TimerThread.run(Timer.java:522)
2026-05-24 00:25:58 [Timer-0] ERROR server.dao.RoomDAO - Lỗi SQL khi lấy danh sách phòng ACTIVE
java.sql.SQLException: database connection closed
	at org.sqlite.SQLiteConnection.checkOpen(SQLiteConnection.java:418)
	at org.sqlite.jdbc4.JDBC4Connection.prepareStatement(JDBC4Connection.java:31)
	at org.sqlite.jdbc3.JDBC3Connection.prepareStatement(JDBC3Connection.java:225)
	at org.sqlite.jdbc3.JDBC3Connection.prepareStatement(JDBC3Connection.java:205)
	at server.dao.RoomDAO.getActiveRooms(RoomDAO.java:154)
	at server.AppServer$1.run(AppServer.java:69)
	at java.base/java.util.TimerThread.mainLoop(Timer.java:572)
	at java.base/java.util.TimerThread.run(Timer.java:522)
2026-05-24 00:25:59 [Timer-0] ERROR server.dao.RoomDAO - Lỗi SQL khi lấy danh sách phòng ACTIVE
java.sql.SQLException: database connection closed
	at org.sqlite.SQLiteConnection.checkOpen(SQLiteConnection.java:418)
	at org.sqlite.jdbc4.JDBC4Connection.prepareStatement(JDBC4Connection.java:31)
	at org.sqlite.jdbc3.JDBC3Connection.prepareStatement(JDBC3Connection.java:225)
	at org.sqlite.jdbc3.JDBC3Connection.prepareStatement(JDBC3Connection.java:205)
	at server.dao.RoomDAO.getActiveRooms(RoomDAO.java:154)
	at server.AppServer$1.run(AppServer.java:69)
	at java.base/java.util.TimerThread.mainLoop(Timer.java:572)
	at java.base/java.util.TimerThread.run(Timer.java:522)
2026-05-24 00:26:00 [Timer-0] ERROR server.dao.RoomDAO - Lỗi SQL khi lấy danh sách phòng ACTIVE
java.sql.SQLException: database connection closed
	at org.sqlite.SQLiteConnection.checkOpen(SQLiteConnection.java:418)
	at org.sqlite.jdbc4.JDBC4Connection.prepareStatement(JDBC4Connection.java:31)
	at org.sqlite.jdbc3.JDBC3Connection.prepareStatement(JDBC3Connection.java:225)
	at org.sqlite.jdbc3.JDBC3Connection.prepareStatement(JDBC3Connection.java:205)
	at server.dao.RoomDAO.getActiveRooms(RoomDAO.java:154)
	at server.AppServer$1.run(AppServer.java:69)
	at java.base/java.util.TimerThread.mainLoop(Timer.java:572)
	at java.base/java.util.TimerThread.run(Timer.java:522)
2026-05-24 00:26:01 [Timer-0] ERROR server.dao.RoomDAO - Lỗi SQL khi lấy danh sách phòng ACTIVE
java.sql.SQLException: database connection closed
	at org.sqlite.SQLiteConnection.checkOpen(SQLiteConnection.java:418)
	at org.sqlite.jdbc4.JDBC4Connection.prepareStatement(JDBC4Connection.java:31)
	at org.sqlite.jdbc3.JDBC3Connection.prepareStatement(JDBC3Connection.java:225)
	at org.sqlite.jdbc3.JDBC3Connection.prepareStatement(JDBC3Connection.java:205)
	at server.dao.RoomDAO.getActiveRooms(RoomDAO.java:154)
	at server.AppServer$1.run(AppServer.java:69)
	at java.base/java.util.TimerThread.mainLoop(Timer.java:572)
	at java.base/java.util.TimerThread.run(Timer.java:522)
2026-05-24 00:26:02 [Timer-0] ERROR server.dao.RoomDAO - Lỗi SQL khi lấy danh sách phòng ACTIVE
java.sql.SQLException: database connection closed
	at org.sqlite.SQLiteConnection.checkOpen(SQLiteConnection.java:418)
	at org.sqlite.jdbc4.JDBC4Connection.prepareStatement(JDBC4Connection.java:31)
	at org.sqlite.jdbc3.JDBC3Connection.prepareStatement(JDBC3Connection.java:225)
	at org.sqlite.jdbc3.JDBC3Connection.prepareStatement(JDBC3Connection.java:205)
	at server.dao.RoomDAO.getActiveRooms(RoomDAO.java:154)
	at server.AppServer$1.run(AppServer.java:69)
	at java.base/java.util.TimerThread.mainLoop(Timer.java:572)
	at java.base/java.util.TimerThread.run(Timer.java:522)
2026-05-24 00:26:03 [Timer-0] ERROR server.dao.RoomDAO - Lỗi SQL khi lấy danh sách phòng ACTIVE
java.sql.SQLException: database connection closed
	at org.sqlite.SQLiteConnection.checkOpen(SQLiteConnection.java:418)
	at org.sqlite.jdbc4.JDBC4Connection.prepareStatement(JDBC4Connection.java:31)
	at org.sqlite.jdbc3.JDBC3Connection.prepareStatement(JDBC3Connection.java:225)
	at org.sqlite.jdbc3.JDBC3Connection.prepareStatement(JDBC3Connection.java:205)
	at server.dao.RoomDAO.getActiveRooms(RoomDAO.java:154)
	at server.AppServer$1.run(AppServer.java:69)
	at java.base/java.util.TimerThread.mainLoop(Timer.java:572)
	at java.base/java.util.TimerThread.run(Timer.java:522)
2026-05-24 00:26:04 [Timer-0] ERROR server.dao.RoomDAO - Lỗi SQL khi lấy danh sách phòng ACTIVE
java.sql.SQLException: database connection closed
	at org.sqlite.SQLiteConnection.checkOpen(SQLiteConnection.java:418)
	at org.sqlite.jdbc4.JDBC4Connection.prepareStatement(JDBC4Connection.java:31)
	at org.sqlite.jdbc3.JDBC3Connection.prepareStatement(JDBC3Connection.java:225)
	at org.sqlite.jdbc3.JDBC3Connection.prepareStatement(JDBC3Connection.java:205)
	at server.dao.RoomDAO.getActiveRooms(RoomDAO.java:154)
	at server.AppServer$1.run(AppServer.java:69)
	at java.base/java.util.TimerThread.mainLoop(Timer.java:572)
	at java.base/java.util.TimerThread.run(Timer.java:522)
2026-05-24 00:26:05 [Timer-0] ERROR server.dao.RoomDAO - Lỗi SQL khi lấy danh sách phòng ACTIVE
java.sql.SQLException: database connection closed
	at org.sqlite.SQLiteConnection.checkOpen(SQLiteConnection.java:418)
	at org.sqlite.jdbc4.JDBC4Connection.prepareStatement(JDBC4Connection.java:31)
	at org.sqlite.jdbc3.JDBC3Connection.prepareStatement(JDBC3Connection.java:225)
	at org.sqlite.jdbc3.JDBC3Connection.prepareStatement(JDBC3Connection.java:205)
	at server.dao.RoomDAO.getActiveRooms(RoomDAO.java:154)
	at server.AppServer$1.run(AppServer.java:69)
	at java.base/java.util.TimerThread.mainLoop(Timer.java:572)
	at java.base/java.util.TimerThread.run(Timer.java:522)
2026-05-24 00:26:06 [Timer-0] ERROR server.dao.RoomDAO - Lỗi SQL khi lấy danh sách phòng ACTIVE
java.sql.SQLException: database connection closed
	at org.sqlite.SQLiteConnection.checkOpen(SQLiteConnection.java:418)
	at org.sqlite.jdbc4.JDBC4Connection.prepareStatement(JDBC4Connection.java:31)
	at org.sqlite.jdbc3.JDBC3Connection.prepareStatement(JDBC3Connection.java:225)
	at org.sqlite.jdbc3.JDBC3Connection.prepareStatement(JDBC3Connection.java:205)
	at server.dao.RoomDAO.getActiveRooms(RoomDAO.java:154)
	at server.AppServer$1.run(AppServer.java:69)
	at java.base/java.util.TimerThread.mainLoop(Timer.java:572)
	at java.base/java.util.TimerThread.run(Timer.java:522)
2026-05-24 00:26:07 [Timer-0] ERROR server.dao.RoomDAO - Lỗi SQL khi lấy danh sách phòng ACTIVE
java.sql.SQLException: database connection closed
	at org.sqlite.SQLiteConnection.checkOpen(SQLiteConnection.java:418)
	at org.sqlite.jdbc4.JDBC4Connection.prepareStatement(JDBC4Connection.java:31)
	at org.sqlite.jdbc3.JDBC3Connection.prepareStatement(JDBC3Connection.java:225)
	at org.sqlite.jdbc3.JDBC3Connection.prepareStatement(JDBC3Connection.java:205)
	at server.dao.RoomDAO.getActiveRooms(RoomDAO.java:154)
	at server.AppServer$1.run(AppServer.java:69)
	at java.base/java.util.TimerThread.mainLoop(Timer.java:572)
	at java.base/java.util.TimerThread.run(Timer.java:522)
2026-05-24 00:26:08 [Timer-0] ERROR server.dao.RoomDAO - Lỗi SQL khi lấy danh sách phòng ACTIVE
java.sql.SQLException: database connection closed
	at org.sqlite.SQLiteConnection.checkOpen(SQLiteConnection.java:418)
	at org.sqlite.jdbc4.JDBC4Connection.prepareStatement(JDBC4Connection.java:31)
	at org.sqlite.jdbc3.JDBC3Connection.prepareStatement(JDBC3Connection.java:225)
	at org.sqlite.jdbc3.JDBC3Connection.prepareStatement(JDBC3Connection.java:205)
	at server.dao.RoomDAO.getActiveRooms(RoomDAO.java:154)
	at server.AppServer$1.run(AppServer.java:69)
	at java.base/java.util.TimerThread.mainLoop(Timer.java:572)
	at java.base/java.util.TimerThread.run(Timer.java:522)
2026-05-24 00:26:09 [Timer-0] ERROR server.dao.RoomDAO - Lỗi SQL khi lấy danh sách phòng ACTIVE
java.sql.SQLException: database connection closed
	at org.sqlite.SQLiteConnection.checkOpen(SQLiteConnection.java:418)
	at org.sqlite.jdbc4.JDBC4Connection.prepareStatement(JDBC4Connection.java:31)
	at org.sqlite.jdbc3.JDBC3Connection.prepareStatement(JDBC3Connection.java:225)
	at org.sqlite.jdbc3.JDBC3Connection.prepareStatement(JDBC3Connection.java:205)
	at server.dao.RoomDAO.getActiveRooms(RoomDAO.java:154)
	at server.AppServer$1.run(AppServer.java:69)
	at java.base/java.util.TimerThread.mainLoop(Timer.java:572)
	at java.base/java.util.TimerThread.run(Timer.java:522)
2026-05-24 00:26:10 [Timer-0] ERROR server.dao.RoomDAO - Lỗi SQL khi lấy danh sách phòng ACTIVE
java.sql.SQLException: database connection closed
	at org.sqlite.SQLiteConnection.checkOpen(SQLiteConnection.java:418)
	at org.sqlite.jdbc4.JDBC4Connection.prepareStatement(JDBC4Connection.java:31)
	at org.sqlite.jdbc3.JDBC3Connection.prepareStatement(JDBC3Connection.java:225)
	at org.sqlite.jdbc3.JDBC3Connection.prepareStatement(JDBC3Connection.java:205)
	at server.dao.RoomDAO.getActiveRooms(RoomDAO.java:154)
	at server.AppServer$1.run(AppServer.java:69)
	at java.base/java.util.TimerThread.mainLoop(Timer.java:572)
	at java.base/java.util.TimerThread.run(Timer.java:522)
2026-05-24 00:26:11 [Timer-0] ERROR server.dao.RoomDAO - Lỗi SQL khi lấy danh sách phòng ACTIVE
java.sql.SQLException: database connection closed
	at org.sqlite.SQLiteConnection.checkOpen(SQLiteConnection.java:418)
	at org.sqlite.jdbc4.JDBC4Connection.prepareStatement(JDBC4Connection.java:31)
	at org.sqlite.jdbc3.JDBC3Connection.prepareStatement(JDBC3Connection.java:225)
	at org.sqlite.jdbc3.JDBC3Connection.prepareStatement(JDBC3Connection.java:205)
	at server.dao.RoomDAO.getActiveRooms(RoomDAO.java:154)
	at server.AppServer$1.run(AppServer.java:69)
	at java.base/java.util.TimerThread.mainLoop(Timer.java:572)
	at java.base/java.util.TimerThread.run(Timer.java:522)
2026-05-24 00:26:12 [Timer-0] ERROR server.dao.RoomDAO - Lỗi SQL khi lấy danh sách phòng ACTIVE
java.sql.SQLException: database connection closed
	at org.sqlite.SQLiteConnection.checkOpen(SQLiteConnection.java:418)
	at org.sqlite.jdbc4.JDBC4Connection.prepareStatement(JDBC4Connection.java:31)
	at org.sqlite.jdbc3.JDBC3Connection.prepareStatement(JDBC3Connection.java:225)
	at org.sqlite.jdbc3.JDBC3Connection.prepareStatement(JDBC3Connection.java:205)
	at server.dao.RoomDAO.getActiveRooms(RoomDAO.java:154)
	at server.AppServer$1.run(AppServer.java:69)
	at java.base/java.util.TimerThread.mainLoop(Timer.java:572)
	at java.base/java.util.TimerThread.run(Timer.java:522)
2026-05-24 00:26:13 [Timer-0] ERROR server.dao.RoomDAO - Lỗi SQL khi lấy danh sách phòng ACTIVE
java.sql.SQLException: database connection closed
	at org.sqlite.SQLiteConnection.checkOpen(SQLiteConnection.java:418)
	at org.sqlite.jdbc4.JDBC4Connection.prepareStatement(JDBC4Connection.java:31)
	at org.sqlite.jdbc3.JDBC3Connection.prepareStatement(JDBC3Connection.java:225)
	at org.sqlite.jdbc3.JDBC3Connection.prepareStatement(JDBC3Connection.java:205)
	at server.dao.RoomDAO.getActiveRooms(RoomDAO.java:154)
	at server.AppServer$1.run(AppServer.java:69)
	at java.base/java.util.TimerThread.mainLoop(Timer.java:572)
	at java.base/java.util.TimerThread.run(Timer.java:522)
2026-05-24 00:26:14 [Timer-0] ERROR server.dao.RoomDAO - Lỗi SQL khi lấy danh sách phòng ACTIVE
java.sql.SQLException: database connection closed
	at org.sqlite.SQLiteConnection.checkOpen(SQLiteConnection.java:418)
	at org.sqlite.jdbc4.JDBC4Connection.prepareStatement(JDBC4Connection.java:31)
	at org.sqlite.jdbc3.JDBC3Connection.prepareStatement(JDBC3Connection.java:225)
	at org.sqlite.jdbc3.JDBC3Connection.prepareStatement(JDBC3Connection.java:205)
	at server.dao.RoomDAO.getActiveRooms(RoomDAO.java:154)
	at server.AppServer$1.run(AppServer.java:69)
	at java.base/java.util.TimerThread.mainLoop(Timer.java:572)
	at java.base/java.util.TimerThread.run(Timer.java:522)
2026-05-24 00:26:15 [Timer-0] ERROR server.dao.RoomDAO - Lỗi SQL khi lấy danh sách phòng ACTIVE
java.sql.SQLException: database connection closed
	at org.sqlite.SQLiteConnection.checkOpen(SQLiteConnection.java:418)
	at org.sqlite.jdbc4.JDBC4Connection.prepareStatement(JDBC4Connection.java:31)
	at org.sqlite.jdbc3.JDBC3Connection.prepareStatement(JDBC3Connection.java:225)
	at org.sqlite.jdbc3.JDBC3Connection.prepareStatement(JDBC3Connection.java:205)
	at server.dao.RoomDAO.getActiveRooms(RoomDAO.java:154)
	at server.AppServer$1.run(AppServer.java:69)
	at java.base/java.util.TimerThread.mainLoop(Timer.java:572)
	at java.base/java.util.TimerThread.run(Timer.java:522)
2026-05-24 00:26:16 [Timer-0] ERROR server.dao.RoomDAO - Lỗi SQL khi lấy danh sách phòng ACTIVE
java.sql.SQLException: database connection closed
	at org.sqlite.SQLiteConnection.checkOpen(SQLiteConnection.java:418)
	at org.sqlite.jdbc4.JDBC4Connection.prepareStatement(JDBC4Connection.java:31)
	at org.sqlite.jdbc3.JDBC3Connection.prepareStatement(JDBC3Connection.java:225)
	at org.sqlite.jdbc3.JDBC3Connection.prepareStatement(JDBC3Connection.java:205)
	at server.dao.RoomDAO.getActiveRooms(RoomDAO.java:154)
	at server.AppServer$1.run(AppServer.java:69)
	at java.base/java.util.TimerThread.mainLoop(Timer.java:572)
	at java.base/java.util.TimerThread.run(Timer.java:522)
2026-05-24 00:26:17 [Timer-0] ERROR server.dao.RoomDAO - Lỗi SQL khi lấy danh sách phòng ACTIVE
java.sql.SQLException: database connection closed
	at org.sqlite.SQLiteConnection.checkOpen(SQLiteConnection.java:418)
	at org.sqlite.jdbc4.JDBC4Connection.prepareStatement(JDBC4Connection.java:31)
	at org.sqlite.jdbc3.JDBC3Connection.prepareStatement(JDBC3Connection.java:225)
	at org.sqlite.jdbc3.JDBC3Connection.prepareStatement(JDBC3Connection.java:205)
	at server.dao.RoomDAO.getActiveRooms(RoomDAO.java:154)
	at server.AppServer$1.run(AppServer.java:69)
	at java.base/java.util.TimerThread.mainLoop(Timer.java:572)
	at java.base/java.util.TimerThread.run(Timer.java:522)
2026-05-24 00:26:18 [Timer-0] ERROR server.dao.RoomDAO - Lỗi SQL khi lấy danh sách phòng ACTIVE
java.sql.SQLException: database connection closed
	at org.sqlite.SQLiteConnection.checkOpen(SQLiteConnection.java:418)
	at org.sqlite.jdbc4.JDBC4Connection.prepareStatement(JDBC4Connection.java:31)
	at org.sqlite.jdbc3.JDBC3Connection.prepareStatement(JDBC3Connection.java:225)
	at org.sqlite.jdbc3.JDBC3Connection.prepareStatement(JDBC3Connection.java:205)
	at server.dao.RoomDAO.getActiveRooms(RoomDAO.java:154)
	at server.AppServer$1.run(AppServer.java:69)
	at java.base/java.util.TimerThread.mainLoop(Timer.java:572)
	at java.base/java.util.TimerThread.run(Timer.java:522)
2026-05-24 00:26:19 [Timer-0] ERROR server.dao.RoomDAO - Lỗi SQL khi lấy danh sách phòng ACTIVE
java.sql.SQLException: database connection closed
	at org.sqlite.SQLiteConnection.checkOpen(SQLiteConnection.java:418)
	at org.sqlite.jdbc4.JDBC4Connection.prepareStatement(JDBC4Connection.java:31)
	at org.sqlite.jdbc3.JDBC3Connection.prepareStatement(JDBC3Connection.java:225)
	at org.sqlite.jdbc3.JDBC3Connection.prepareStatement(JDBC3Connection.java:205)
	at server.dao.RoomDAO.getActiveRooms(RoomDAO.java:154)
	at server.AppServer$1.run(AppServer.java:69)
	at java.base/java.util.TimerThread.mainLoop(Timer.java:572)
	at java.base/java.util.TimerThread.run(Timer.java:522)
2026-05-24 00:26:20 [Timer-0] ERROR server.dao.RoomDAO - Lỗi SQL khi lấy danh sách phòng ACTIVE
java.sql.SQLException: database connection closed
	at org.sqlite.SQLiteConnection.checkOpen(SQLiteConnection.java:418)
	at org.sqlite.jdbc4.JDBC4Connection.prepareStatement(JDBC4Connection.java:31)
	at org.sqlite.jdbc3.JDBC3Connection.prepareStatement(JDBC3Connection.java:225)
	at org.sqlite.jdbc3.JDBC3Connection.prepareStatement(JDBC3Connection.java:205)
	at server.dao.RoomDAO.getActiveRooms(RoomDAO.java:154)
	at server.AppServer$1.run(AppServer.java:69)
	at java.base/java.util.TimerThread.mainLoop(Timer.java:572)
	at java.base/java.util.TimerThread.run(Timer.java:522)
2026-05-24 00:26:21 [Timer-0] ERROR server.dao.RoomDAO - Lỗi SQL khi lấy danh sách phòng ACTIVE
java.sql.SQLException: database connection closed
	at org.sqlite.SQLiteConnection.checkOpen(SQLiteConnection.java:418)
	at org.sqlite.jdbc4.JDBC4Connection.prepareStatement(JDBC4Connection.java:31)
	at org.sqlite.jdbc3.JDBC3Connection.prepareStatement(JDBC3Connection.java:225)
	at org.sqlite.jdbc3.JDBC3Connection.prepareStatement(JDBC3Connection.java:205)
	at server.dao.RoomDAO.getActiveRooms(RoomDAO.java:154)
	at server.AppServer$1.run(AppServer.java:69)
	at java.base/java.util.TimerThread.mainLoop(Timer.java:572)
	at java.base/java.util.TimerThread.run(Timer.java:522)
2026-05-24 00:26:22 [Timer-0] ERROR server.dao.RoomDAO - Lỗi SQL khi lấy danh sách phòng ACTIVE
java.sql.SQLException: database connection closed
	at org.sqlite.SQLiteConnection.checkOpen(SQLiteConnection.java:418)
	at org.sqlite.jdbc4.JDBC4Connection.prepareStatement(JDBC4Connection.java:31)
	at org.sqlite.jdbc3.JDBC3Connection.prepareStatement(JDBC3Connection.java:225)
	at org.sqlite.jdbc3.JDBC3Connection.prepareStatement(JDBC3Connection.java:205)
	at server.dao.RoomDAO.getActiveRooms(RoomDAO.java:154)
	at server.AppServer$1.run(AppServer.java:69)
	at java.base/java.util.TimerThread.mainLoop(Timer.java:572)
	at java.base/java.util.TimerThread.run(Timer.java:522)
2026-05-24 00:26:23 [Timer-0] ERROR server.dao.RoomDAO - Lỗi SQL khi lấy danh sách phòng ACTIVE
java.sql.SQLException: database connection closed
	at org.sqlite.SQLiteConnection.checkOpen(SQLiteConnection.java:418)
	at org.sqlite.jdbc4.JDBC4Connection.prepareStatement(JDBC4Connection.java:31)
	at org.sqlite.jdbc3.JDBC3Connection.prepareStatement(JDBC3Connection.java:225)
	at org.sqlite.jdbc3.JDBC3Connection.prepareStatement(JDBC3Connection.java:205)
	at server.dao.RoomDAO.getActiveRooms(RoomDAO.java:154)
	at server.AppServer$1.run(AppServer.java:69)
	at java.base/java.util.TimerThread.mainLoop(Timer.java:572)
	at java.base/java.util.TimerThread.run(Timer.java:522)
2026-05-24 00:26:24 [Timer-0] ERROR server.dao.RoomDAO - Lỗi SQL khi lấy danh sách phòng ACTIVE
java.sql.SQLException: database connection closed
	at org.sqlite.SQLiteConnection.checkOpen(SQLiteConnection.java:418)
	at org.sqlite.jdbc4.JDBC4Connection.prepareStatement(JDBC4Connection.java:31)
	at org.sqlite.jdbc3.JDBC3Connection.prepareStatement(JDBC3Connection.java:225)
	at org.sqlite.jdbc3.JDBC3Connection.prepareStatement(JDBC3Connection.java:205)
	at server.dao.RoomDAO.getActiveRooms(RoomDAO.java:154)
	at server.AppServer$1.run(AppServer.java:69)
	at java.base/java.util.TimerThread.mainLoop(Timer.java:572)
	at java.base/java.util.TimerThread.run(Timer.java:522)
2026-05-24 00:26:25 [Timer-0] ERROR server.dao.RoomDAO - Lỗi SQL khi lấy danh sách phòng ACTIVE
java.sql.SQLException: database connection closed
	at org.sqlite.SQLiteConnection.checkOpen(SQLiteConnection.java:418)
	at org.sqlite.jdbc4.JDBC4Connection.prepareStatement(JDBC4Connection.java:31)
	at org.sqlite.jdbc3.JDBC3Connection.prepareStatement(JDBC3Connection.java:225)
	at org.sqlite.jdbc3.JDBC3Connection.prepareStatement(JDBC3Connection.java:205)
	at server.dao.RoomDAO.getActiveRooms(RoomDAO.java:154)
	at server.AppServer$1.run(AppServer.java:69)
	at java.base/java.util.TimerThread.mainLoop(Timer.java:572)
	at java.base/java.util.TimerThread.run(Timer.java:522)
2026-05-24 00:26:26 [Timer-0] ERROR server.dao.RoomDAO - Lỗi SQL khi lấy danh sách phòng ACTIVE
java.sql.SQLException: database connection closed
	at org.sqlite.SQLiteConnection.checkOpen(SQLiteConnection.java:418)
	at org.sqlite.jdbc4.JDBC4Connection.prepareStatement(JDBC4Connection.java:31)
	at org.sqlite.jdbc3.JDBC3Connection.prepareStatement(JDBC3Connection.java:225)
	at org.sqlite.jdbc3.JDBC3Connection.prepareStatement(JDBC3Connection.java:205)
	at server.dao.RoomDAO.getActiveRooms(RoomDAO.java:154)
	at server.AppServer$1.run(AppServer.java:69)
	at java.base/java.util.TimerThread.mainLoop(Timer.java:572)
	at java.base/java.util.TimerThread.run(Timer.java:522)
2026-05-24 00:26:27 [Timer-0] ERROR server.dao.RoomDAO - Lỗi SQL khi lấy danh sách phòng ACTIVE
java.sql.SQLException: database connection closed
	at org.sqlite.SQLiteConnection.checkOpen(SQLiteConnection.java:418)
	at org.sqlite.jdbc4.JDBC4Connection.prepareStatement(JDBC4Connection.java:31)
	at org.sqlite.jdbc3.JDBC3Connection.prepareStatement(JDBC3Connection.java:225)
	at org.sqlite.jdbc3.JDBC3Connection.prepareStatement(JDBC3Connection.java:205)
	at server.dao.RoomDAO.getActiveRooms(RoomDAO.java:154)
	at server.AppServer$1.run(AppServer.java:69)
	at java.base/java.util.TimerThread.mainLoop(Timer.java:572)
	at java.base/java.util.TimerThread.run(Timer.java:522)
2026-05-24 00:26:28 [Timer-0] ERROR server.dao.RoomDAO - Lỗi SQL khi lấy danh sách phòng ACTIVE
java.sql.SQLException: database connection closed
	at org.sqlite.SQLiteConnection.checkOpen(SQLiteConnection.java:418)
	at org.sqlite.jdbc4.JDBC4Connection.prepareStatement(JDBC4Connection.java:31)
	at org.sqlite.jdbc3.JDBC3Connection.prepareStatement(JDBC3Connection.java:225)
	at org.sqlite.jdbc3.JDBC3Connection.prepareStatement(JDBC3Connection.java:205)
	at server.dao.RoomDAO.getActiveRooms(RoomDAO.java:154)
	at server.AppServer$1.run(AppServer.java:69)
	at java.base/java.util.TimerThread.mainLoop(Timer.java:572)
	at java.base/java.util.TimerThread.run(Timer.java:522)
2026-05-24 00:26:29 [Timer-0] ERROR server.dao.RoomDAO - Lỗi SQL khi lấy danh sách phòng ACTIVE
java.sql.SQLException: database connection closed
	at org.sqlite.SQLiteConnection.checkOpen(SQLiteConnection.java:418)
	at org.sqlite.jdbc4.JDBC4Connection.prepareStatement(JDBC4Connection.java:31)
	at org.sqlite.jdbc3.JDBC3Connection.prepareStatement(JDBC3Connection.java:225)
	at org.sqlite.jdbc3.JDBC3Connection.prepareStatement(JDBC3Connection.java:205)
	at server.dao.RoomDAO.getActiveRooms(RoomDAO.java:154)
	at server.AppServer$1.run(AppServer.java:69)
	at java.base/java.util.TimerThread.mainLoop(Timer.java:572)
	at java.base/java.util.TimerThread.run(Timer.java:522)
2026-05-24 00:26:30 [Timer-0] ERROR server.dao.RoomDAO - Lỗi SQL khi lấy danh sách phòng ACTIVE
java.sql.SQLException: database connection closed
	at org.sqlite.SQLiteConnection.checkOpen(SQLiteConnection.java:418)
	at org.sqlite.jdbc4.JDBC4Connection.prepareStatement(JDBC4Connection.java:31)
	at org.sqlite.jdbc3.JDBC3Connection.prepareStatement(JDBC3Connection.java:225)
	at org.sqlite.jdbc3.JDBC3Connection.prepareStatement(JDBC3Connection.java:205)
	at server.dao.RoomDAO.getActiveRooms(RoomDAO.java:154)
	at server.AppServer$1.run(AppServer.java:69)
	at java.base/java.util.TimerThread.mainLoop(Timer.java:572)
	at java.base/java.util.TimerThread.run(Timer.java:522)
2026-05-24 00:26:31 [Timer-0] ERROR server.dao.RoomDAO - Lỗi SQL khi lấy danh sách phòng ACTIVE
java.sql.SQLException: database connection closed
	at org.sqlite.SQLiteConnection.checkOpen(SQLiteConnection.java:418)
	at org.sqlite.jdbc4.JDBC4Connection.prepareStatement(JDBC4Connection.java:31)
	at org.sqlite.jdbc3.JDBC3Connection.prepareStatement(JDBC3Connection.java:225)
	at org.sqlite.jdbc3.JDBC3Connection.prepareStatement(JDBC3Connection.java:205)
	at server.dao.RoomDAO.getActiveRooms(RoomDAO.java:154)
	at server.AppServer$1.run(AppServer.java:69)
	at java.base/java.util.TimerThread.mainLoop(Timer.java:572)
	at java.base/java.util.TimerThread.run(Timer.java:522)
2026-05-24 00:26:32 [Timer-0] ERROR server.dao.RoomDAO - Lỗi SQL khi lấy danh sách phòng ACTIVE
java.sql.SQLException: database connection closed
	at org.sqlite.SQLiteConnection.checkOpen(SQLiteConnection.java:418)
	at org.sqlite.jdbc4.JDBC4Connection.prepareStatement(JDBC4Connection.java:31)
	at org.sqlite.jdbc3.JDBC3Connection.prepareStatement(JDBC3Connection.java:225)
	at org.sqlite.jdbc3.JDBC3Connection.prepareStatement(JDBC3Connection.java:205)
	at server.dao.RoomDAO.getActiveRooms(RoomDAO.java:154)
	at server.AppServer$1.run(AppServer.java:69)
	at java.base/java.util.TimerThread.mainLoop(Timer.java:572)
	at java.base/java.util.TimerThread.run(Timer.java:522)
2026-05-24 00:26:33 [Timer-0] ERROR server.dao.RoomDAO - Lỗi SQL khi lấy danh sách phòng ACTIVE
java.sql.SQLException: database connection closed
	at org.sqlite.SQLiteConnection.checkOpen(SQLiteConnection.java:418)
	at org.sqlite.jdbc4.JDBC4Connection.prepareStatement(JDBC4Connection.java:31)
	at org.sqlite.jdbc3.JDBC3Connection.prepareStatement(JDBC3Connection.java:225)
	at org.sqlite.jdbc3.JDBC3Connection.prepareStatement(JDBC3Connection.java:205)
	at server.dao.RoomDAO.getActiveRooms(RoomDAO.java:154)
	at server.AppServer$1.run(AppServer.java:69)
	at java.base/java.util.TimerThread.mainLoop(Timer.java:572)
	at java.base/java.util.TimerThread.run(Timer.java:522)
2026-05-24 00:26:34 [Timer-0] ERROR server.dao.RoomDAO - Lỗi SQL khi lấy danh sách phòng ACTIVE
java.sql.SQLException: database connection closed
	at org.sqlite.SQLiteConnection.checkOpen(SQLiteConnection.java:418)
	at org.sqlite.jdbc4.JDBC4Connection.prepareStatement(JDBC4Connection.java:31)
	at org.sqlite.jdbc3.JDBC3Connection.prepareStatement(JDBC3Connection.java:225)
	at org.sqlite.jdbc3.JDBC3Connection.prepareStatement(JDBC3Connection.java:205)
	at server.dao.RoomDAO.getActiveRooms(RoomDAO.java:154)
	at server.AppServer$1.run(AppServer.java:69)
	at java.base/java.util.TimerThread.mainLoop(Timer.java:572)
	at java.base/java.util.TimerThread.run(Timer.java:522)
2026-05-24 00:26:35 [Timer-0] ERROR server.dao.RoomDAO - Lỗi SQL khi lấy danh sách phòng ACTIVE
java.sql.SQLException: database connection closed
	at org.sqlite.SQLiteConnection.checkOpen(SQLiteConnection.java:418)
	at org.sqlite.jdbc4.JDBC4Connection.prepareStatement(JDBC4Connection.java:31)
	at org.sqlite.jdbc3.JDBC3Connection.prepareStatement(JDBC3Connection.java:225)
	at org.sqlite.jdbc3.JDBC3Connection.prepareStatement(JDBC3Connection.java:205)
	at server.dao.RoomDAO.getActiveRooms(RoomDAO.java:154)
	at server.AppServer$1.run(AppServer.java:69)
	at java.base/java.util.TimerThread.mainLoop(Timer.java:572)
	at java.base/java.util.TimerThread.run(Timer.java:522)
2026-05-24 00:26:36 [Timer-0] ERROR server.dao.RoomDAO - Lỗi SQL khi lấy danh sách phòng ACTIVE
java.sql.SQLException: database connection closed
	at org.sqlite.SQLiteConnection.checkOpen(SQLiteConnection.java:418)
	at org.sqlite.jdbc4.JDBC4Connection.prepareStatement(JDBC4Connection.java:31)
	at org.sqlite.jdbc3.JDBC3Connection.prepareStatement(JDBC3Connection.java:225)
	at org.sqlite.jdbc3.JDBC3Connection.prepareStatement(JDBC3Connection.java:205)
	at server.dao.RoomDAO.getActiveRooms(RoomDAO.java:154)
	at server.AppServer$1.run(AppServer.java:69)
	at java.base/java.util.TimerThread.mainLoop(Timer.java:572)
	at java.base/java.util.TimerThread.run(Timer.java:522)
2026-05-24 00:26:37 [Timer-0] ERROR server.dao.RoomDAO - Lỗi SQL khi lấy danh sách phòng ACTIVE
java.sql.SQLException: database connection closed
	at org.sqlite.SQLiteConnection.checkOpen(SQLiteConnection.java:418)
	at org.sqlite.jdbc4.JDBC4Connection.prepareStatement(JDBC4Connection.java:31)
	at org.sqlite.jdbc3.JDBC3Connection.prepareStatement(JDBC3Connection.java:225)
	at org.sqlite.jdbc3.JDBC3Connection.prepareStatement(JDBC3Connection.java:205)
	at server.dao.RoomDAO.getActiveRooms(RoomDAO.java:154)
	at server.AppServer$1.run(AppServer.java:69)
	at java.base/java.util.TimerThread.mainLoop(Timer.java:572)
	at java.base/java.util.TimerThread.run(Timer.java:522)
2026-05-24 00:26:38 [Timer-0] ERROR server.dao.RoomDAO - Lỗi SQL khi lấy danh sách phòng ACTIVE
java.sql.SQLException: database connection closed
	at org.sqlite.SQLiteConnection.checkOpen(SQLiteConnection.java:418)
	at org.sqlite.jdbc4.JDBC4Connection.prepareStatement(JDBC4Connection.java:31)
	at org.sqlite.jdbc3.JDBC3Connection.prepareStatement(JDBC3Connection.java:225)
	at org.sqlite.jdbc3.JDBC3Connection.prepareStatement(JDBC3Connection.java:205)
	at server.dao.RoomDAO.getActiveRooms(RoomDAO.java:154)
	at server.AppServer$1.run(AppServer.java:69)
	at java.base/java.util.TimerThread.mainLoop(Timer.java:572)
	at java.base/java.util.TimerThread.run(Timer.java:522)
2026-05-24 00:26:39 [Timer-0] ERROR server.dao.RoomDAO - Lỗi SQL khi lấy danh sách phòng ACTIVE
java.sql.SQLException: database connection closed
	at org.sqlite.SQLiteConnection.checkOpen(SQLiteConnection.java:418)
	at org.sqlite.jdbc4.JDBC4Connection.prepareStatement(JDBC4Connection.java:31)
	at org.sqlite.jdbc3.JDBC3Connection.prepareStatement(JDBC3Connection.java:225)
	at org.sqlite.jdbc3.JDBC3Connection.prepareStatement(JDBC3Connection.java:205)
	at server.dao.RoomDAO.getActiveRooms(RoomDAO.java:154)
	at server.AppServer$1.run(AppServer.java:69)
	at java.base/java.util.TimerThread.mainLoop(Timer.java:572)
	at java.base/java.util.TimerThread.run(Timer.java:522)
2026-05-24 00:26:40 [Timer-0] ERROR server.dao.RoomDAO - Lỗi SQL khi lấy danh sách phòng ACTIVE
java.sql.SQLException: database connection closed
	at org.sqlite.SQLiteConnection.checkOpen(SQLiteConnection.java:418)
	at org.sqlite.jdbc4.JDBC4Connection.prepareStatement(JDBC4Connection.java:31)
	at org.sqlite.jdbc3.JDBC3Connection.prepareStatement(JDBC3Connection.java:225)
	at org.sqlite.jdbc3.JDBC3Connection.prepareStatement(JDBC3Connection.java:205)
	at server.dao.RoomDAO.getActiveRooms(RoomDAO.java:154)
	at server.AppServer$1.run(AppServer.java:69)
	at java.base/java.util.TimerThread.mainLoop(Timer.java:572)
	at java.base/java.util.TimerThread.run(Timer.java:522)
2026-05-24 00:26:41 [Timer-0] ERROR server.dao.RoomDAO - Lỗi SQL khi lấy danh sách phòng ACTIVE
java.sql.SQLException: database connection closed
	at org.sqlite.SQLiteConnection.checkOpen(SQLiteConnection.java:418)
	at org.sqlite.jdbc4.JDBC4Connection.prepareStatement(JDBC4Connection.java:31)
	at org.sqlite.jdbc3.JDBC3Connection.prepareStatement(JDBC3Connection.java:225)
	at org.sqlite.jdbc3.JDBC3Connection.prepareStatement(JDBC3Connection.java:205)
	at server.dao.RoomDAO.getActiveRooms(RoomDAO.java:154)
	at server.AppServer$1.run(AppServer.java:69)
	at java.base/java.util.TimerThread.mainLoop(Timer.java:572)
	at java.base/java.util.TimerThread.run(Timer.java:522)
2026-05-24 00:26:42 [Timer-0] ERROR server.dao.RoomDAO - Lỗi SQL khi lấy danh sách phòng ACTIVE
java.sql.SQLException: database connection closed
	at org.sqlite.SQLiteConnection.checkOpen(SQLiteConnection.java:418)
	at org.sqlite.jdbc4.JDBC4Connection.prepareStatement(JDBC4Connection.java:31)
	at org.sqlite.jdbc3.JDBC3Connection.prepareStatement(JDBC3Connection.java:225)
	at org.sqlite.jdbc3.JDBC3Connection.prepareStatement(JDBC3Connection.java:205)
	at server.dao.RoomDAO.getActiveRooms(RoomDAO.java:154)
	at server.AppServer$1.run(AppServer.java:69)
	at java.base/java.util.TimerThread.mainLoop(Timer.java:572)
	at java.base/java.util.TimerThread.run(Timer.java:522)
2026-05-24 00:26:43 [Timer-0] ERROR server.dao.RoomDAO - Lỗi SQL khi lấy danh sách phòng ACTIVE
java.sql.SQLException: database connection closed
	at org.sqlite.SQLiteConnection.checkOpen(SQLiteConnection.java:418)
	at org.sqlite.jdbc4.JDBC4Connection.prepareStatement(JDBC4Connection.java:31)
	at org.sqlite.jdbc3.JDBC3Connection.prepareStatement(JDBC3Connection.java:225)
	at org.sqlite.jdbc3.JDBC3Connection.prepareStatement(JDBC3Connection.java:205)
	at server.dao.RoomDAO.getActiveRooms(RoomDAO.java:154)
	at server.AppServer$1.run(AppServer.java:69)
	at java.base/java.util.TimerThread.mainLoop(Timer.java:572)
	at java.base/java.util.TimerThread.run(Timer.java:522)
2026-05-24 00:26:44 [Timer-0] ERROR server.dao.RoomDAO - Lỗi SQL khi lấy danh sách phòng ACTIVE
java.sql.SQLException: database connection closed
	at org.sqlite.SQLiteConnection.checkOpen(SQLiteConnection.java:418)
	at org.sqlite.jdbc4.JDBC4Connection.prepareStatement(JDBC4Connection.java:31)
	at org.sqlite.jdbc3.JDBC3Connection.prepareStatement(JDBC3Connection.java:225)
	at org.sqlite.jdbc3.JDBC3Connection.prepareStatement(JDBC3Connection.java:205)
	at server.dao.RoomDAO.getActiveRooms(RoomDAO.java:154)
	at server.AppServer$1.run(AppServer.java:69)
	at java.base/java.util.TimerThread.mainLoop(Timer.java:572)
	at java.base/java.util.TimerThread.run(Timer.java:522)
2026-05-24 00:26:45 [Timer-0] ERROR server.dao.RoomDAO - Lỗi SQL khi lấy danh sách phòng ACTIVE
java.sql.SQLException: database connection closed
	at org.sqlite.SQLiteConnection.checkOpen(SQLiteConnection.java:418)
	at org.sqlite.jdbc4.JDBC4Connection.prepareStatement(JDBC4Connection.java:31)
	at org.sqlite.jdbc3.JDBC3Connection.prepareStatement(JDBC3Connection.java:225)
	at org.sqlite.jdbc3.JDBC3Connection.prepareStatement(JDBC3Connection.java:205)
	at server.dao.RoomDAO.getActiveRooms(RoomDAO.java:154)
	at server.AppServer$1.run(AppServer.java:69)
	at java.base/java.util.TimerThread.mainLoop(Timer.java:572)
	at java.base/java.util.TimerThread.run(Timer.java:522)
2026-05-24 00:26:46 [Timer-0] ERROR server.dao.RoomDAO - Lỗi SQL khi lấy danh sách phòng ACTIVE
java.sql.SQLException: database connection closed
	at org.sqlite.SQLiteConnection.checkOpen(SQLiteConnection.java:418)
	at org.sqlite.jdbc4.JDBC4Connection.prepareStatement(JDBC4Connection.java:31)
	at org.sqlite.jdbc3.JDBC3Connection.prepareStatement(JDBC3Connection.java:225)
	at org.sqlite.jdbc3.JDBC3Connection.prepareStatement(JDBC3Connection.java:205)
	at server.dao.RoomDAO.getActiveRooms(RoomDAO.java:154)
	at server.AppServer$1.run(AppServer.java:69)
	at java.base/java.util.TimerThread.mainLoop(Timer.java:572)
	at java.base/java.util.TimerThread.run(Timer.java:522)
2026-05-24 00:26:47 [Timer-0] ERROR server.dao.RoomDAO - Lỗi SQL khi lấy danh sách phòng ACTIVE
java.sql.SQLException: database connection closed
	at org.sqlite.SQLiteConnection.checkOpen(SQLiteConnection.java:418)
	at org.sqlite.jdbc4.JDBC4Connection.prepareStatement(JDBC4Connection.java:31)
	at org.sqlite.jdbc3.JDBC3Connection.prepareStatement(JDBC3Connection.java:225)
	at org.sqlite.jdbc3.JDBC3Connection.prepareStatement(JDBC3Connection.java:205)
	at server.dao.RoomDAO.getActiveRooms(RoomDAO.java:154)
	at server.AppServer$1.run(AppServer.java:69)
	at java.base/java.util.TimerThread.mainLoop(Timer.java:572)
	at java.base/java.util.TimerThread.run(Timer.java:522)
2026-05-24 00:26:48 [Timer-0] ERROR server.dao.RoomDAO - Lỗi SQL khi lấy danh sách phòng ACTIVE
java.sql.SQLException: database connection closed
	at org.sqlite.SQLiteConnection.checkOpen(SQLiteConnection.java:418)
	at org.sqlite.jdbc4.JDBC4Connection.prepareStatement(JDBC4Connection.java:31)
	at org.sqlite.jdbc3.JDBC3Connection.prepareStatement(JDBC3Connection.java:225)
	at org.sqlite.jdbc3.JDBC3Connection.prepareStatement(JDBC3Connection.java:205)
	at server.dao.RoomDAO.getActiveRooms(RoomDAO.java:154)
	at server.AppServer$1.run(AppServer.java:69)
	at java.base/java.util.TimerThread.mainLoop(Timer.java:572)
	at java.base/java.util.TimerThread.run(Timer.java:522)
2026-05-24 00:26:49 [Timer-0] ERROR server.dao.RoomDAO - Lỗi SQL khi lấy danh sách phòng ACTIVE
java.sql.SQLException: database connection closed
	at org.sqlite.SQLiteConnection.checkOpen(SQLiteConnection.java:418)
	at org.sqlite.jdbc4.JDBC4Connection.prepareStatement(JDBC4Connection.java:31)
	at org.sqlite.jdbc3.JDBC3Connection.prepareStatement(JDBC3Connection.java:225)
	at org.sqlite.jdbc3.JDBC3Connection.prepareStatement(JDBC3Connection.java:205)
	at server.dao.RoomDAO.getActiveRooms(RoomDAO.java:154)
	at server.AppServer$1.run(AppServer.java:69)
	at java.base/java.util.TimerThread.mainLoop(Timer.java:572)
	at java.base/java.util.TimerThread.run(Timer.java:522)
2026-05-24 00:26:50 [Timer-0] ERROR server.dao.RoomDAO - Lỗi SQL khi lấy danh sách phòng ACTIVE
java.sql.SQLException: database connection closed
	at org.sqlite.SQLiteConnection.checkOpen(SQLiteConnection.java:418)
	at org.sqlite.jdbc4.JDBC4Connection.prepareStatement(JDBC4Connection.java:31)
	at org.sqlite.jdbc3.JDBC3Connection.prepareStatement(JDBC3Connection.java:225)
	at org.sqlite.jdbc3.JDBC3Connection.prepareStatement(JDBC3Connection.java:205)
	at server.dao.RoomDAO.getActiveRooms(RoomDAO.java:154)
	at server.AppServer$1.run(AppServer.java:69)
	at java.base/java.util.TimerThread.mainLoop(Timer.java:572)
	at java.base/java.util.TimerThread.run(Timer.java:522)
2026-05-24 00:26:51 [Timer-0] ERROR server.dao.RoomDAO - Lỗi SQL khi lấy danh sách phòng ACTIVE
java.sql.SQLException: database connection closed
	at org.sqlite.SQLiteConnection.checkOpen(SQLiteConnection.java:418)
	at org.sqlite.jdbc4.JDBC4Connection.prepareStatement(JDBC4Connection.java:31)
	at org.sqlite.jdbc3.JDBC3Connection.prepareStatement(JDBC3Connection.java:225)
	at org.sqlite.jdbc3.JDBC3Connection.prepareStatement(JDBC3Connection.java:205)
	at server.dao.RoomDAO.getActiveRooms(RoomDAO.java:154)
	at server.AppServer$1.run(AppServer.java:69)
	at java.base/java.util.TimerThread.mainLoop(Timer.java:572)
	at java.base/java.util.TimerThread.run(Timer.java:522)
2026-05-24 00:26:52 [Timer-0] ERROR server.dao.RoomDAO - Lỗi SQL khi lấy danh sách phòng ACTIVE
java.sql.SQLException: database connection closed
	at org.sqlite.SQLiteConnection.checkOpen(SQLiteConnection.java:418)
	at org.sqlite.jdbc4.JDBC4Connection.prepareStatement(JDBC4Connection.java:31)
	at org.sqlite.jdbc3.JDBC3Connection.prepareStatement(JDBC3Connection.java:225)
	at org.sqlite.jdbc3.JDBC3Connection.prepareStatement(JDBC3Connection.java:205)
	at server.dao.RoomDAO.getActiveRooms(RoomDAO.java:154)
	at server.AppServer$1.run(AppServer.java:69)
	at java.base/java.util.TimerThread.mainLoop(Timer.java:572)
	at java.base/java.util.TimerThread.run(Timer.java:522)
2026-05-24 00:26:53 [Timer-0] ERROR server.dao.RoomDAO - Lỗi SQL khi lấy danh sách phòng ACTIVE
java.sql.SQLException: database connection closed
	at org.sqlite.SQLiteConnection.checkOpen(SQLiteConnection.java:418)
	at org.sqlite.jdbc4.JDBC4Connection.prepareStatement(JDBC4Connection.java:31)
	at org.sqlite.jdbc3.JDBC3Connection.prepareStatement(JDBC3Connection.java:225)
	at org.sqlite.jdbc3.JDBC3Connection.prepareStatement(JDBC3Connection.java:205)
	at server.dao.RoomDAO.getActiveRooms(RoomDAO.java:154)
	at server.AppServer$1.run(AppServer.java:69)
	at java.base/java.util.TimerThread.mainLoop(Timer.java:572)
	at java.base/java.util.TimerThread.run(Timer.java:522)
2026-05-24 00:26:54 [Timer-0] ERROR server.dao.RoomDAO - Lỗi SQL khi lấy danh sách phòng ACTIVE
java.sql.SQLException: database connection closed
	at org.sqlite.SQLiteConnection.checkOpen(SQLiteConnection.java:418)
	at org.sqlite.jdbc4.JDBC4Connection.prepareStatement(JDBC4Connection.java:31)
	at org.sqlite.jdbc3.JDBC3Connection.prepareStatement(JDBC3Connection.java:225)
	at org.sqlite.jdbc3.JDBC3Connection.prepareStatement(JDBC3Connection.java:205)
	at server.dao.RoomDAO.getActiveRooms(RoomDAO.java:154)
	at server.AppServer$1.run(AppServer.java:69)
	at java.base/java.util.TimerThread.mainLoop(Timer.java:572)
	at java.base/java.util.TimerThread.run(Timer.java:522)
2026-05-24 00:26:55 [Timer-0] ERROR server.dao.RoomDAO - Lỗi SQL khi lấy danh sách phòng ACTIVE
java.sql.SQLException: database connection closed
	at org.sqlite.SQLiteConnection.checkOpen(SQLiteConnection.java:418)
	at org.sqlite.jdbc4.JDBC4Connection.prepareStatement(JDBC4Connection.java:31)
	at org.sqlite.jdbc3.JDBC3Connection.prepareStatement(JDBC3Connection.java:225)
	at org.sqlite.jdbc3.JDBC3Connection.prepareStatement(JDBC3Connection.java:205)
	at server.dao.RoomDAO.getActiveRooms(RoomDAO.java:154)
	at server.AppServer$1.run(AppServer.java:69)
	at java.base/java.util.TimerThread.mainLoop(Timer.java:572)
	at java.base/java.util.TimerThread.run(Timer.java:522)
2026-05-24 00:26:56 [Timer-0] ERROR server.dao.RoomDAO - Lỗi SQL khi lấy danh sách phòng ACTIVE
java.sql.SQLException: database connection closed
	at org.sqlite.SQLiteConnection.checkOpen(SQLiteConnection.java:418)
	at org.sqlite.jdbc4.JDBC4Connection.prepareStatement(JDBC4Connection.java:31)
	at org.sqlite.jdbc3.JDBC3Connection.prepareStatement(JDBC3Connection.java:225)
	at org.sqlite.jdbc3.JDBC3Connection.prepareStatement(JDBC3Connection.java:205)
	at server.dao.RoomDAO.getActiveRooms(RoomDAO.java:154)
	at server.AppServer$1.run(AppServer.java:69)
	at java.base/java.util.TimerThread.mainLoop(Timer.java:572)
	at java.base/java.util.TimerThread.run(Timer.java:522)
2026-05-24 00:26:57 [Timer-0] ERROR server.dao.RoomDAO - Lỗi SQL khi lấy danh sách phòng ACTIVE
java.sql.SQLException: database connection closed
	at org.sqlite.SQLiteConnection.checkOpen(SQLiteConnection.java:418)
	at org.sqlite.jdbc4.JDBC4Connection.prepareStatement(JDBC4Connection.java:31)
	at org.sqlite.jdbc3.JDBC3Connection.prepareStatement(JDBC3Connection.java:225)
	at org.sqlite.jdbc3.JDBC3Connection.prepareStatement(JDBC3Connection.java:205)
	at server.dao.RoomDAO.getActiveRooms(RoomDAO.java:154)
	at server.AppServer$1.run(AppServer.java:69)
	at java.base/java.util.TimerThread.mainLoop(Timer.java:572)
	at java.base/java.util.TimerThread.run(Timer.java:522)
2026-05-24 00:26:58 [Timer-0] ERROR server.dao.RoomDAO - Lỗi SQL khi lấy danh sách phòng ACTIVE
java.sql.SQLException: database connection closed
	at org.sqlite.SQLiteConnection.checkOpen(SQLiteConnection.java:418)
	at org.sqlite.jdbc4.JDBC4Connection.prepareStatement(JDBC4Connection.java:31)
	at org.sqlite.jdbc3.JDBC3Connection.prepareStatement(JDBC3Connection.java:225)
	at org.sqlite.jdbc3.JDBC3Connection.prepareStatement(JDBC3Connection.java:205)
	at server.dao.RoomDAO.getActiveRooms(RoomDAO.java:154)
	at server.AppServer$1.run(AppServer.java:69)
	at java.base/java.util.TimerThread.mainLoop(Timer.java:572)
	at java.base/java.util.TimerThread.run(Timer.java:522)
2026-05-24 00:26:59 [Timer-0] ERROR server.dao.RoomDAO - Lỗi SQL khi lấy danh sách phòng ACTIVE
java.sql.SQLException: database connection closed
	at org.sqlite.SQLiteConnection.checkOpen(SQLiteConnection.java:418)
	at org.sqlite.jdbc4.JDBC4Connection.prepareStatement(JDBC4Connection.java:31)
	at org.sqlite.jdbc3.JDBC3Connection.prepareStatement(JDBC3Connection.java:225)
	at org.sqlite.jdbc3.JDBC3Connection.prepareStatement(JDBC3Connection.java:205)
	at server.dao.RoomDAO.getActiveRooms(RoomDAO.java:154)
	at server.AppServer$1.run(AppServer.java:69)
	at java.base/java.util.TimerThread.mainLoop(Timer.java:572)
	at java.base/java.util.TimerThread.run(Timer.java:522)
2026-05-24 00:27:00 [Timer-0] ERROR server.dao.RoomDAO - Lỗi SQL khi lấy danh sách phòng ACTIVE
java.sql.SQLException: database connection closed
	at org.sqlite.SQLiteConnection.checkOpen(SQLiteConnection.java:418)
	at org.sqlite.jdbc4.JDBC4Connection.prepareStatement(JDBC4Connection.java:31)
	at org.sqlite.jdbc3.JDBC3Connection.prepareStatement(JDBC3Connection.java:225)
	at org.sqlite.jdbc3.JDBC3Connection.prepareStatement(JDBC3Connection.java:205)
	at server.dao.RoomDAO.getActiveRooms(RoomDAO.java:154)
	at server.AppServer$1.run(AppServer.java:69)
	at java.base/java.util.TimerThread.mainLoop(Timer.java:572)
	at java.base/java.util.TimerThread.run(Timer.java:522)
2026-05-24 00:27:01 [Timer-0] ERROR server.dao.RoomDAO - Lỗi SQL khi lấy danh sách phòng ACTIVE
java.sql.SQLException: database connection closed
	at org.sqlite.SQLiteConnection.checkOpen(SQLiteConnection.java:418)
	at org.sqlite.jdbc4.JDBC4Connection.prepareStatement(JDBC4Connection.java:31)
	at org.sqlite.jdbc3.JDBC3Connection.prepareStatement(JDBC3Connection.java:225)
	at org.sqlite.jdbc3.JDBC3Connection.prepareStatement(JDBC3Connection.java:205)
	at server.dao.RoomDAO.getActiveRooms(RoomDAO.java:154)
	at server.AppServer$1.run(AppServer.java:69)
	at java.base/java.util.TimerThread.mainLoop(Timer.java:572)
	at java.base/java.util.TimerThread.run(Timer.java:522)
2026-05-24 00:27:02 [Timer-0] ERROR server.dao.RoomDAO - Lỗi SQL khi lấy danh sách phòng ACTIVE
java.sql.SQLException: database connection closed
	at org.sqlite.SQLiteConnection.checkOpen(SQLiteConnection.java:418)
	at org.sqlite.jdbc4.JDBC4Connection.prepareStatement(JDBC4Connection.java:31)
	at org.sqlite.jdbc3.JDBC3Connection.prepareStatement(JDBC3Connection.java:225)
	at org.sqlite.jdbc3.JDBC3Connection.prepareStatement(JDBC3Connection.java:205)
	at server.dao.RoomDAO.getActiveRooms(RoomDAO.java:154)
	at server.AppServer$1.run(AppServer.java:69)
	at java.base/java.util.TimerThread.mainLoop(Timer.java:572)
	at java.base/java.util.TimerThread.run(Timer.java:522)
2026-05-24 00:27:03 [Timer-0] ERROR server.dao.RoomDAO - Lỗi SQL khi lấy danh sách phòng ACTIVE
java.sql.SQLException: database connection closed
	at org.sqlite.SQLiteConnection.checkOpen(SQLiteConnection.java:418)
	at org.sqlite.jdbc4.JDBC4Connection.prepareStatement(JDBC4Connection.java:31)
	at org.sqlite.jdbc3.JDBC3Connection.prepareStatement(JDBC3Connection.java:225)
	at org.sqlite.jdbc3.JDBC3Connection.prepareStatement(JDBC3Connection.java:205)
	at server.dao.RoomDAO.getActiveRooms(RoomDAO.java:154)
	at server.AppServer$1.run(AppServer.java:69)
	at java.base/java.util.TimerThread.mainLoop(Timer.java:572)
	at java.base/java.util.TimerThread.run(Timer.java:522)
2026-05-24 00:27:04 [Timer-0] ERROR server.dao.RoomDAO - Lỗi SQL khi lấy danh sách phòng ACTIVE
java.sql.SQLException: database connection closed
	at org.sqlite.SQLiteConnection.checkOpen(SQLiteConnection.java:418)
	at org.sqlite.jdbc4.JDBC4Connection.prepareStatement(JDBC4Connection.java:31)
	at org.sqlite.jdbc3.JDBC3Connection.prepareStatement(JDBC3Connection.java:225)
	at org.sqlite.jdbc3.JDBC3Connection.prepareStatement(JDBC3Connection.java:205)
	at server.dao.RoomDAO.getActiveRooms(RoomDAO.java:154)
	at server.AppServer$1.run(AppServer.java:69)
	at java.base/java.util.TimerThread.mainLoop(Timer.java:572)
	at java.base/java.util.TimerThread.run(Timer.java:522)
2026-05-24 00:27:05 [Timer-0] ERROR server.dao.RoomDAO - Lỗi SQL khi lấy danh sách phòng ACTIVE
java.sql.SQLException: database connection closed
	at org.sqlite.SQLiteConnection.checkOpen(SQLiteConnection.java:418)
	at org.sqlite.jdbc4.JDBC4Connection.prepareStatement(JDBC4Connection.java:31)
	at org.sqlite.jdbc3.JDBC3Connection.prepareStatement(JDBC3Connection.java:225)
	at org.sqlite.jdbc3.JDBC3Connection.prepareStatement(JDBC3Connection.java:205)
	at server.dao.RoomDAO.getActiveRooms(RoomDAO.java:154)
	at server.AppServer$1.run(AppServer.java:69)
	at java.base/java.util.TimerThread.mainLoop(Timer.java:572)
	at java.base/java.util.TimerThread.run(Timer.java:522)
2026-05-24 00:27:06 [Timer-0] ERROR server.dao.RoomDAO - Lỗi SQL khi lấy danh sách phòng ACTIVE
java.sql.SQLException: database connection closed
	at org.sqlite.SQLiteConnection.checkOpen(SQLiteConnection.java:418)
	at org.sqlite.jdbc4.JDBC4Connection.prepareStatement(JDBC4Connection.java:31)
	at org.sqlite.jdbc3.JDBC3Connection.prepareStatement(JDBC3Connection.java:225)
	at org.sqlite.jdbc3.JDBC3Connection.prepareStatement(JDBC3Connection.java:205)
	at server.dao.RoomDAO.getActiveRooms(RoomDAO.java:154)
	at server.AppServer$1.run(AppServer.java:69)
	at java.base/java.util.TimerThread.mainLoop(Timer.java:572)
	at java.base/java.util.TimerThread.run(Timer.java:522)
2026-05-24 00:27:07 [Timer-0] ERROR server.dao.RoomDAO - Lỗi SQL khi lấy danh sách phòng ACTIVE
java.sql.SQLException: database connection closed
	at org.sqlite.SQLiteConnection.checkOpen(SQLiteConnection.java:418)
	at org.sqlite.jdbc4.JDBC4Connection.prepareStatement(JDBC4Connection.java:31)
	at org.sqlite.jdbc3.JDBC3Connection.prepareStatement(JDBC3Connection.java:225)
	at org.sqlite.jdbc3.JDBC3Connection.prepareStatement(JDBC3Connection.java:205)
	at server.dao.RoomDAO.getActiveRooms(RoomDAO.java:154)
	at server.AppServer$1.run(AppServer.java:69)
	at java.base/java.util.TimerThread.mainLoop(Timer.java:572)
	at java.base/java.util.TimerThread.run(Timer.java:522)
2026-05-24 00:27:08 [Timer-0] ERROR server.dao.RoomDAO - Lỗi SQL khi lấy danh sách phòng ACTIVE
java.sql.SQLException: database connection closed
	at org.sqlite.SQLiteConnection.checkOpen(SQLiteConnection.java:418)
	at org.sqlite.jdbc4.JDBC4Connection.prepareStatement(JDBC4Connection.java:31)
	at org.sqlite.jdbc3.JDBC3Connection.prepareStatement(JDBC3Connection.java:225)
	at org.sqlite.jdbc3.JDBC3Connection.prepareStatement(JDBC3Connection.java:205)
	at server.dao.RoomDAO.getActiveRooms(RoomDAO.java:154)
	at server.AppServer$1.run(AppServer.java:69)
	at java.base/java.util.TimerThread.mainLoop(Timer.java:572)
	at java.base/java.util.TimerThread.run(Timer.java:522)
2026-05-24 00:27:09 [Timer-0] ERROR server.dao.RoomDAO - Lỗi SQL khi lấy danh sách phòng ACTIVE
java.sql.SQLException: database connection closed
	at org.sqlite.SQLiteConnection.checkOpen(SQLiteConnection.java:418)
	at org.sqlite.jdbc4.JDBC4Connection.prepareStatement(JDBC4Connection.java:31)
	at org.sqlite.jdbc3.JDBC3Connection.prepareStatement(JDBC3Connection.java:225)
	at org.sqlite.jdbc3.JDBC3Connection.prepareStatement(JDBC3Connection.java:205)
	at server.dao.RoomDAO.getActiveRooms(RoomDAO.java:154)
	at server.AppServer$1.run(AppServer.java:69)
	at java.base/java.util.TimerThread.mainLoop(Timer.java:572)
	at java.base/java.util.TimerThread.run(Timer.java:522)
2026-05-24 00:27:10 [Timer-0] ERROR server.dao.RoomDAO - Lỗi SQL khi lấy danh sách phòng ACTIVE
java.sql.SQLException: database connection closed
	at org.sqlite.SQLiteConnection.checkOpen(SQLiteConnection.java:418)
	at org.sqlite.jdbc4.JDBC4Connection.prepareStatement(JDBC4Connection.java:31)
	at org.sqlite.jdbc3.JDBC3Connection.prepareStatement(JDBC3Connection.java:225)
	at org.sqlite.jdbc3.JDBC3Connection.prepareStatement(JDBC3Connection.java:205)
	at server.dao.RoomDAO.getActiveRooms(RoomDAO.java:154)
	at server.AppServer$1.run(AppServer.java:69)
	at java.base/java.util.TimerThread.mainLoop(Timer.java:572)
	at java.base/java.util.TimerThread.run(Timer.java:522)
2026-05-24 00:27:11 [Timer-0] ERROR server.dao.RoomDAO - Lỗi SQL khi lấy danh sách phòng ACTIVE
java.sql.SQLException: database connection closed
	at org.sqlite.SQLiteConnection.checkOpen(SQLiteConnection.java:418)
	at org.sqlite.jdbc4.JDBC4Connection.prepareStatement(JDBC4Connection.java:31)
	at org.sqlite.jdbc3.JDBC3Connection.prepareStatement(JDBC3Connection.java:225)
	at org.sqlite.jdbc3.JDBC3Connection.prepareStatement(JDBC3Connection.java:205)
	at server.dao.RoomDAO.getActiveRooms(RoomDAO.java:154)
	at server.AppServer$1.run(AppServer.java:69)
	at java.base/java.util.TimerThread.mainLoop(Timer.java:572)
	at java.base/java.util.TimerThread.run(Timer.java:522)
2026-05-24 00:27:12 [Timer-0] ERROR server.dao.RoomDAO - Lỗi SQL khi lấy danh sách phòng ACTIVE
java.sql.SQLException: database connection closed
	at org.sqlite.SQLiteConnection.checkOpen(SQLiteConnection.java:418)
	at org.sqlite.jdbc4.JDBC4Connection.prepareStatement(JDBC4Connection.java:31)
	at org.sqlite.jdbc3.JDBC3Connection.prepareStatement(JDBC3Connection.java:225)
	at org.sqlite.jdbc3.JDBC3Connection.prepareStatement(JDBC3Connection.java:205)
	at server.dao.RoomDAO.getActiveRooms(RoomDAO.java:154)
	at server.AppServer$1.run(AppServer.java:69)
	at java.base/java.util.TimerThread.mainLoop(Timer.java:572)
	at java.base/java.util.TimerThread.run(Timer.java:522)
2026-05-24 00:27:13 [Timer-0] ERROR server.dao.RoomDAO - Lỗi SQL khi lấy danh sách phòng ACTIVE
java.sql.SQLException: database connection closed
	at org.sqlite.SQLiteConnection.checkOpen(SQLiteConnection.java:418)
	at org.sqlite.jdbc4.JDBC4Connection.prepareStatement(JDBC4Connection.java:31)
	at org.sqlite.jdbc3.JDBC3Connection.prepareStatement(JDBC3Connection.java:225)
	at org.sqlite.jdbc3.JDBC3Connection.prepareStatement(JDBC3Connection.java:205)
	at server.dao.RoomDAO.getActiveRooms(RoomDAO.java:154)
	at server.AppServer$1.run(AppServer.java:69)
	at java.base/java.util.TimerThread.mainLoop(Timer.java:572)
	at java.base/java.util.TimerThread.run(Timer.java:522)
2026-05-24 00:27:14 [Timer-0] ERROR server.dao.RoomDAO - Lỗi SQL khi lấy danh sách phòng ACTIVE
java.sql.SQLException: database connection closed
	at org.sqlite.SQLiteConnection.checkOpen(SQLiteConnection.java:418)
	at org.sqlite.jdbc4.JDBC4Connection.prepareStatement(JDBC4Connection.java:31)
	at org.sqlite.jdbc3.JDBC3Connection.prepareStatement(JDBC3Connection.java:225)
	at org.sqlite.jdbc3.JDBC3Connection.prepareStatement(JDBC3Connection.java:205)
	at server.dao.RoomDAO.getActiveRooms(RoomDAO.java:154)
	at server.AppServer$1.run(AppServer.java:69)
	at java.base/java.util.TimerThread.mainLoop(Timer.java:572)
	at java.base/java.util.TimerThread.run(Timer.java:522)
2026-05-24 00:27:15 [Timer-0] ERROR server.dao.RoomDAO - Lỗi SQL khi lấy danh sách phòng ACTIVE
java.sql.SQLException: database connection closed
	at org.sqlite.SQLiteConnection.checkOpen(SQLiteConnection.java:418)
	at org.sqlite.jdbc4.JDBC4Connection.prepareStatement(JDBC4Connection.java:31)
	at org.sqlite.jdbc3.JDBC3Connection.prepareStatement(JDBC3Connection.java:225)
	at org.sqlite.jdbc3.JDBC3Connection.prepareStatement(JDBC3Connection.java:205)
	at server.dao.RoomDAO.getActiveRooms(RoomDAO.java:154)
	at server.AppServer$1.run(AppServer.java:69)
	at java.base/java.util.TimerThread.mainLoop(Timer.java:572)
	at java.base/java.util.TimerThread.run(Timer.java:522)
2026-05-24 00:27:16 [Timer-0] ERROR server.dao.RoomDAO - Lỗi SQL khi lấy danh sách phòng ACTIVE
java.sql.SQLException: database connection closed
	at org.sqlite.SQLiteConnection.checkOpen(SQLiteConnection.java:418)
	at org.sqlite.jdbc4.JDBC4Connection.prepareStatement(JDBC4Connection.java:31)
	at org.sqlite.jdbc3.JDBC3Connection.prepareStatement(JDBC3Connection.java:225)
	at org.sqlite.jdbc3.JDBC3Connection.prepareStatement(JDBC3Connection.java:205)
	at server.dao.RoomDAO.getActiveRooms(RoomDAO.java:154)
	at server.AppServer$1.run(AppServer.java:69)
	at java.base/java.util.TimerThread.mainLoop(Timer.java:572)
	at java.base/java.util.TimerThread.run(Timer.java:522)
2026-05-24 00:27:17 [Timer-0] ERROR server.dao.RoomDAO - Lỗi SQL khi lấy danh sách phòng ACTIVE
java.sql.SQLException: database connection closed
	at org.sqlite.SQLiteConnection.checkOpen(SQLiteConnection.java:418)
	at org.sqlite.jdbc4.JDBC4Connection.prepareStatement(JDBC4Connection.java:31)
	at org.sqlite.jdbc3.JDBC3Connection.prepareStatement(JDBC3Connection.java:225)
	at org.sqlite.jdbc3.JDBC3Connection.prepareStatement(JDBC3Connection.java:205)
	at server.dao.RoomDAO.getActiveRooms(RoomDAO.java:154)
	at server.AppServer$1.run(AppServer.java:69)
	at java.base/java.util.TimerThread.mainLoop(Timer.java:572)
	at java.base/java.util.TimerThread.run(Timer.java:522)
2026-05-24 00:27:18 [Timer-0] ERROR server.dao.RoomDAO - Lỗi SQL khi lấy danh sách phòng ACTIVE
java.sql.SQLException: database connection closed
	at org.sqlite.SQLiteConnection.checkOpen(SQLiteConnection.java:418)
	at org.sqlite.jdbc4.JDBC4Connection.prepareStatement(JDBC4Connection.java:31)
	at org.sqlite.jdbc3.JDBC3Connection.prepareStatement(JDBC3Connection.java:225)
	at org.sqlite.jdbc3.JDBC3Connection.prepareStatement(JDBC3Connection.java:205)
	at server.dao.RoomDAO.getActiveRooms(RoomDAO.java:154)
	at server.AppServer$1.run(AppServer.java:69)
	at java.base/java.util.TimerThread.mainLoop(Timer.java:572)
	at java.base/java.util.TimerThread.run(Timer.java:522)
2026-05-24 00:27:19 [Timer-0] ERROR server.dao.RoomDAO - Lỗi SQL khi lấy danh sách phòng ACTIVE
java.sql.SQLException: database connection closed
	at org.sqlite.SQLiteConnection.checkOpen(SQLiteConnection.java:418)
	at org.sqlite.jdbc4.JDBC4Connection.prepareStatement(JDBC4Connection.java:31)
	at org.sqlite.jdbc3.JDBC3Connection.prepareStatement(JDBC3Connection.java:225)
	at org.sqlite.jdbc3.JDBC3Connection.prepareStatement(JDBC3Connection.java:205)
	at server.dao.RoomDAO.getActiveRooms(RoomDAO.java:154)
	at server.AppServer$1.run(AppServer.java:69)
	at java.base/java.util.TimerThread.mainLoop(Timer.java:572)
	at java.base/java.util.TimerThread.run(Timer.java:522)
2026-05-24 00:27:20 [Timer-0] ERROR server.dao.RoomDAO - Lỗi SQL khi lấy danh sách phòng ACTIVE
java.sql.SQLException: database connection closed
	at org.sqlite.SQLiteConnection.checkOpen(SQLiteConnection.java:418)
	at org.sqlite.jdbc4.JDBC4Connection.prepareStatement(JDBC4Connection.java:31)
	at org.sqlite.jdbc3.JDBC3Connection.prepareStatement(JDBC3Connection.java:225)
	at org.sqlite.jdbc3.JDBC3Connection.prepareStatement(JDBC3Connection.java:205)
	at server.dao.RoomDAO.getActiveRooms(RoomDAO.java:154)
	at server.AppServer$1.run(AppServer.java:69)
	at java.base/java.util.TimerThread.mainLoop(Timer.java:572)
	at java.base/java.util.TimerThread.run(Timer.java:522)
2026-05-24 00:27:21 [Timer-0] ERROR server.dao.RoomDAO - Lỗi SQL khi lấy danh sách phòng ACTIVE
java.sql.SQLException: database connection closed
	at org.sqlite.SQLiteConnection.checkOpen(SQLiteConnection.java:418)
	at org.sqlite.jdbc4.JDBC4Connection.prepareStatement(JDBC4Connection.java:31)
	at org.sqlite.jdbc3.JDBC3Connection.prepareStatement(JDBC3Connection.java:225)
	at org.sqlite.jdbc3.JDBC3Connection.prepareStatement(JDBC3Connection.java:205)
	at server.dao.RoomDAO.getActiveRooms(RoomDAO.java:154)
	at server.AppServer$1.run(AppServer.java:69)
	at java.base/java.util.TimerThread.mainLoop(Timer.java:572)
	at java.base/java.util.TimerThread.run(Timer.java:522)
2026-05-24 00:27:22 [Timer-0] ERROR server.dao.RoomDAO - Lỗi SQL khi lấy danh sách phòng ACTIVE
java.sql.SQLException: database connection closed
	at org.sqlite.SQLiteConnection.checkOpen(SQLiteConnection.java:418)
	at org.sqlite.jdbc4.JDBC4Connection.prepareStatement(JDBC4Connection.java:31)
	at org.sqlite.jdbc3.JDBC3Connection.prepareStatement(JDBC3Connection.java:225)
	at org.sqlite.jdbc3.JDBC3Connection.prepareStatement(JDBC3Connection.java:205)
	at server.dao.RoomDAO.getActiveRooms(RoomDAO.java:154)
	at server.AppServer$1.run(AppServer.java:69)
	at java.base/java.util.TimerThread.mainLoop(Timer.java:572)
	at java.base/java.util.TimerThread.run(Timer.java:522)
2026-05-24 00:27:23 [Timer-0] ERROR server.dao.RoomDAO - Lỗi SQL khi lấy danh sách phòng ACTIVE
java.sql.SQLException: database connection closed
	at org.sqlite.SQLiteConnection.checkOpen(SQLiteConnection.java:418)
	at org.sqlite.jdbc4.JDBC4Connection.prepareStatement(JDBC4Connection.java:31)
	at org.sqlite.jdbc3.JDBC3Connection.prepareStatement(JDBC3Connection.java:225)
	at org.sqlite.jdbc3.JDBC3Connection.prepareStatement(JDBC3Connection.java:205)
	at server.dao.RoomDAO.getActiveRooms(RoomDAO.java:154)
	at server.AppServer$1.run(AppServer.java:69)
	at java.base/java.util.TimerThread.mainLoop(Timer.java:572)
	at java.base/java.util.TimerThread.run(Timer.java:522)
2026-05-24 00:27:24 [Timer-0] ERROR server.dao.RoomDAO - Lỗi SQL khi lấy danh sách phòng ACTIVE
java.sql.SQLException: database connection closed
	at org.sqlite.SQLiteConnection.checkOpen(SQLiteConnection.java:418)
	at org.sqlite.jdbc4.JDBC4Connection.prepareStatement(JDBC4Connection.java:31)
	at org.sqlite.jdbc3.JDBC3Connection.prepareStatement(JDBC3Connection.java:225)
	at org.sqlite.jdbc3.JDBC3Connection.prepareStatement(JDBC3Connection.java:205)
	at server.dao.RoomDAO.getActiveRooms(RoomDAO.java:154)
	at server.AppServer$1.run(AppServer.java:69)
	at java.base/java.util.TimerThread.mainLoop(Timer.java:572)
	at java.base/java.util.TimerThread.run(Timer.java:522)
2026-05-24 00:27:25 [Timer-0] ERROR server.dao.RoomDAO - Lỗi SQL khi lấy danh sách phòng ACTIVE
java.sql.SQLException: database connection closed
	at org.sqlite.SQLiteConnection.checkOpen(SQLiteConnection.java:418)
	at org.sqlite.jdbc4.JDBC4Connection.prepareStatement(JDBC4Connection.java:31)
	at org.sqlite.jdbc3.JDBC3Connection.prepareStatement(JDBC3Connection.java:225)
	at org.sqlite.jdbc3.JDBC3Connection.prepareStatement(JDBC3Connection.java:205)
	at server.dao.RoomDAO.getActiveRooms(RoomDAO.java:154)
	at server.AppServer$1.run(AppServer.java:69)
	at java.base/java.util.TimerThread.mainLoop(Timer.java:572)
	at java.base/java.util.TimerThread.run(Timer.java:522)
2026-05-24 00:27:26 [Timer-0] ERROR server.dao.RoomDAO - Lỗi SQL khi lấy danh sách phòng ACTIVE
java.sql.SQLException: database connection closed
	at org.sqlite.SQLiteConnection.checkOpen(SQLiteConnection.java:418)
	at org.sqlite.jdbc4.JDBC4Connection.prepareStatement(JDBC4Connection.java:31)
	at org.sqlite.jdbc3.JDBC3Connection.prepareStatement(JDBC3Connection.java:225)
	at org.sqlite.jdbc3.JDBC3Connection.prepareStatement(JDBC3Connection.java:205)
	at server.dao.RoomDAO.getActiveRooms(RoomDAO.java:154)
	at server.AppServer$1.run(AppServer.java:69)
	at java.base/java.util.TimerThread.mainLoop(Timer.java:572)
	at java.base/java.util.TimerThread.run(Timer.java:522)
2026-05-24 00:27:27 [Timer-0] ERROR server.dao.RoomDAO - Lỗi SQL khi lấy danh sách phòng ACTIVE
java.sql.SQLException: database connection closed
	at org.sqlite.SQLiteConnection.checkOpen(SQLiteConnection.java:418)
	at org.sqlite.jdbc4.JDBC4Connection.prepareStatement(JDBC4Connection.java:31)
	at org.sqlite.jdbc3.JDBC3Connection.prepareStatement(JDBC3Connection.java:225)
	at org.sqlite.jdbc3.JDBC3Connection.prepareStatement(JDBC3Connection.java:205)
	at server.dao.RoomDAO.getActiveRooms(RoomDAO.java:154)
	at server.AppServer$1.run(AppServer.java:69)
	at java.base/java.util.TimerThread.mainLoop(Timer.java:572)
	at java.base/java.util.TimerThread.run(Timer.java:522)
2026-05-24 00:27:28 [Timer-0] ERROR server.dao.RoomDAO - Lỗi SQL khi lấy danh sách phòng ACTIVE
java.sql.SQLException: database connection closed
	at org.sqlite.SQLiteConnection.checkOpen(SQLiteConnection.java:418)
	at org.sqlite.jdbc4.JDBC4Connection.prepareStatement(JDBC4Connection.java:31)
	at org.sqlite.jdbc3.JDBC3Connection.prepareStatement(JDBC3Connection.java:225)
	at org.sqlite.jdbc3.JDBC3Connection.prepareStatement(JDBC3Connection.java:205)
	at server.dao.RoomDAO.getActiveRooms(RoomDAO.java:154)
	at server.AppServer$1.run(AppServer.java:69)
	at java.base/java.util.TimerThread.mainLoop(Timer.java:572)
	at java.base/java.util.TimerThread.run(Timer.java:522)
2026-05-24 00:27:29 [Timer-0] ERROR server.dao.RoomDAO - Lỗi SQL khi lấy danh sách phòng ACTIVE
java.sql.SQLException: database connection closed
	at org.sqlite.SQLiteConnection.checkOpen(SQLiteConnection.java:418)
	at org.sqlite.jdbc4.JDBC4Connection.prepareStatement(JDBC4Connection.java:31)
	at org.sqlite.jdbc3.JDBC3Connection.prepareStatement(JDBC3Connection.java:225)
	at org.sqlite.jdbc3.JDBC3Connection.prepareStatement(JDBC3Connection.java:205)
	at server.dao.RoomDAO.getActiveRooms(RoomDAO.java:154)
	at server.AppServer$1.run(AppServer.java:69)
	at java.base/java.util.TimerThread.mainLoop(Timer.java:572)
	at java.base/java.util.TimerThread.run(Timer.java:522)
2026-05-24 00:27:30 [Timer-0] ERROR server.dao.RoomDAO - Lỗi SQL khi lấy danh sách phòng ACTIVE
java.sql.SQLException: database connection closed
	at org.sqlite.SQLiteConnection.checkOpen(SQLiteConnection.java:418)
	at org.sqlite.jdbc4.JDBC4Connection.prepareStatement(JDBC4Connection.java:31)
	at org.sqlite.jdbc3.JDBC3Connection.prepareStatement(JDBC3Connection.java:225)
	at org.sqlite.jdbc3.JDBC3Connection.prepareStatement(JDBC3Connection.java:205)
	at server.dao.RoomDAO.getActiveRooms(RoomDAO.java:154)
	at server.AppServer$1.run(AppServer.java:69)
	at java.base/java.util.TimerThread.mainLoop(Timer.java:572)
	at java.base/java.util.TimerThread.run(Timer.java:522)
2026-05-24 00:27:31 [Timer-0] ERROR server.dao.RoomDAO - Lỗi SQL khi lấy danh sách phòng ACTIVE
java.sql.SQLException: database connection closed
	at org.sqlite.SQLiteConnection.checkOpen(SQLiteConnection.java:418)
	at org.sqlite.jdbc4.JDBC4Connection.prepareStatement(JDBC4Connection.java:31)
	at org.sqlite.jdbc3.JDBC3Connection.prepareStatement(JDBC3Connection.java:225)
	at org.sqlite.jdbc3.JDBC3Connection.prepareStatement(JDBC3Connection.java:205)
	at server.dao.RoomDAO.getActiveRooms(RoomDAO.java:154)
	at server.AppServer$1.run(AppServer.java:69)
	at java.base/java.util.TimerThread.mainLoop(Timer.java:572)
	at java.base/java.util.TimerThread.run(Timer.java:522)
2026-05-24 00:27:32 [Timer-0] ERROR server.dao.RoomDAO - Lỗi SQL khi lấy danh sách phòng ACTIVE
java.sql.SQLException: database connection closed
	at org.sqlite.SQLiteConnection.checkOpen(SQLiteConnection.java:418)
	at org.sqlite.jdbc4.JDBC4Connection.prepareStatement(JDBC4Connection.java:31)
	at org.sqlite.jdbc3.JDBC3Connection.prepareStatement(JDBC3Connection.java:225)
	at org.sqlite.jdbc3.JDBC3Connection.prepareStatement(JDBC3Connection.java:205)
	at server.dao.RoomDAO.getActiveRooms(RoomDAO.java:154)
	at server.AppServer$1.run(AppServer.java:69)
	at java.base/java.util.TimerThread.mainLoop(Timer.java:572)
	at java.base/java.util.TimerThread.run(Timer.java:522)
2026-05-24 00:27:33 [Timer-0] ERROR server.dao.RoomDAO - Lỗi SQL khi lấy danh sách phòng ACTIVE
java.sql.SQLException: database connection closed
	at org.sqlite.SQLiteConnection.checkOpen(SQLiteConnection.java:418)
	at org.sqlite.jdbc4.JDBC4Connection.prepareStatement(JDBC4Connection.java:31)
	at org.sqlite.jdbc3.JDBC3Connection.prepareStatement(JDBC3Connection.java:225)
	at org.sqlite.jdbc3.JDBC3Connection.prepareStatement(JDBC3Connection.java:205)
	at server.dao.RoomDAO.getActiveRooms(RoomDAO.java:154)
	at server.AppServer$1.run(AppServer.java:69)
	at java.base/java.util.TimerThread.mainLoop(Timer.java:572)
	at java.base/java.util.TimerThread.run(Timer.java:522)
2026-05-24 00:27:34 [Timer-0] ERROR server.dao.RoomDAO - Lỗi SQL khi lấy danh sách phòng ACTIVE
java.sql.SQLException: database connection closed
	at org.sqlite.SQLiteConnection.checkOpen(SQLiteConnection.java:418)
	at org.sqlite.jdbc4.JDBC4Connection.prepareStatement(JDBC4Connection.java:31)
	at org.sqlite.jdbc3.JDBC3Connection.prepareStatement(JDBC3Connection.java:225)
	at org.sqlite.jdbc3.JDBC3Connection.prepareStatement(JDBC3Connection.java:205)
	at server.dao.RoomDAO.getActiveRooms(RoomDAO.java:154)
	at server.AppServer$1.run(AppServer.java:69)
	at java.base/java.util.TimerThread.mainLoop(Timer.java:572)
	at java.base/java.util.TimerThread.run(Timer.java:522)
2026-05-24 00:27:35 [Timer-0] ERROR server.dao.RoomDAO - Lỗi SQL khi lấy danh sách phòng ACTIVE
java.sql.SQLException: database connection closed
	at org.sqlite.SQLiteConnection.checkOpen(SQLiteConnection.java:418)
	at org.sqlite.jdbc4.JDBC4Connection.prepareStatement(JDBC4Connection.java:31)
	at org.sqlite.jdbc3.JDBC3Connection.prepareStatement(JDBC3Connection.java:225)
	at org.sqlite.jdbc3.JDBC3Connection.prepareStatement(JDBC3Connection.java:205)
	at server.dao.RoomDAO.getActiveRooms(RoomDAO.java:154)
	at server.AppServer$1.run(AppServer.java:69)
	at java.base/java.util.TimerThread.mainLoop(Timer.java:572)
	at java.base/java.util.TimerThread.run(Timer.java:522)
2026-05-24 00:27:36 [Timer-0] ERROR server.dao.RoomDAO - Lỗi SQL khi lấy danh sách phòng ACTIVE
java.sql.SQLException: database connection closed
	at org.sqlite.SQLiteConnection.checkOpen(SQLiteConnection.java:418)
	at org.sqlite.jdbc4.JDBC4Connection.prepareStatement(JDBC4Connection.java:31)
	at org.sqlite.jdbc3.JDBC3Connection.prepareStatement(JDBC3Connection.java:225)
	at org.sqlite.jdbc3.JDBC3Connection.prepareStatement(JDBC3Connection.java:205)
	at server.dao.RoomDAO.getActiveRooms(RoomDAO.java:154)
	at server.AppServer$1.run(AppServer.java:69)
	at java.base/java.util.TimerThread.mainLoop(Timer.java:572)
	at java.base/java.util.TimerThread.run(Timer.java:522)
2026-05-24 00:27:37 [Timer-0] ERROR server.dao.RoomDAO - Lỗi SQL khi lấy danh sách phòng ACTIVE
java.sql.SQLException: database connection closed
	at org.sqlite.SQLiteConnection.checkOpen(SQLiteConnection.java:418)
	at org.sqlite.jdbc4.JDBC4Connection.prepareStatement(JDBC4Connection.java:31)
	at org.sqlite.jdbc3.JDBC3Connection.prepareStatement(JDBC3Connection.java:225)
	at org.sqlite.jdbc3.JDBC3Connection.prepareStatement(JDBC3Connection.java:205)
	at server.dao.RoomDAO.getActiveRooms(RoomDAO.java:154)
	at server.AppServer$1.run(AppServer.java:69)
	at java.base/java.util.TimerThread.mainLoop(Timer.java:572)
	at java.base/java.util.TimerThread.run(Timer.java:522)
2026-05-24 00:27:38 [Timer-0] ERROR server.dao.RoomDAO - Lỗi SQL khi lấy danh sách phòng ACTIVE
java.sql.SQLException: database connection closed
	at org.sqlite.SQLiteConnection.checkOpen(SQLiteConnection.java:418)
	at org.sqlite.jdbc4.JDBC4Connection.prepareStatement(JDBC4Connection.java:31)
	at org.sqlite.jdbc3.JDBC3Connection.prepareStatement(JDBC3Connection.java:225)
	at org.sqlite.jdbc3.JDBC3Connection.prepareStatement(JDBC3Connection.java:205)
	at server.dao.RoomDAO.getActiveRooms(RoomDAO.java:154)
	at server.AppServer$1.run(AppServer.java:69)
	at java.base/java.util.TimerThread.mainLoop(Timer.java:572)
	at java.base/java.util.TimerThread.run(Timer.java:522)
2026-05-24 00:27:39 [Timer-0] ERROR server.dao.RoomDAO - Lỗi SQL khi lấy danh sách phòng ACTIVE
java.sql.SQLException: database connection closed
	at org.sqlite.SQLiteConnection.checkOpen(SQLiteConnection.java:418)
	at org.sqlite.jdbc4.JDBC4Connection.prepareStatement(JDBC4Connection.java:31)
	at org.sqlite.jdbc3.JDBC3Connection.prepareStatement(JDBC3Connection.java:225)
	at org.sqlite.jdbc3.JDBC3Connection.prepareStatement(JDBC3Connection.java:205)
	at server.dao.RoomDAO.getActiveRooms(RoomDAO.java:154)
	at server.AppServer$1.run(AppServer.java:69)
	at java.base/java.util.TimerThread.mainLoop(Timer.java:572)
	at java.base/java.util.TimerThread.run(Timer.java:522)
2026-05-24 00:27:40 [Timer-0] ERROR server.dao.RoomDAO - Lỗi SQL khi lấy danh sách phòng ACTIVE
java.sql.SQLException: database connection closed
	at org.sqlite.SQLiteConnection.checkOpen(SQLiteConnection.java:418)
	at org.sqlite.jdbc4.JDBC4Connection.prepareStatement(JDBC4Connection.java:31)
	at org.sqlite.jdbc3.JDBC3Connection.prepareStatement(JDBC3Connection.java:225)
	at org.sqlite.jdbc3.JDBC3Connection.prepareStatement(JDBC3Connection.java:205)
	at server.dao.RoomDAO.getActiveRooms(RoomDAO.java:154)
	at server.AppServer$1.run(AppServer.java:69)
	at java.base/java.util.TimerThread.mainLoop(Timer.java:572)
	at java.base/java.util.TimerThread.run(Timer.java:522)
2026-05-24 00:27:41 [Timer-0] ERROR server.dao.RoomDAO - Lỗi SQL khi lấy danh sách phòng ACTIVE
java.sql.SQLException: database connection closed
	at org.sqlite.SQLiteConnection.checkOpen(SQLiteConnection.java:418)
	at org.sqlite.jdbc4.JDBC4Connection.prepareStatement(JDBC4Connection.java:31)
	at org.sqlite.jdbc3.JDBC3Connection.prepareStatement(JDBC3Connection.java:225)
	at org.sqlite.jdbc3.JDBC3Connection.prepareStatement(JDBC3Connection.java:205)
	at server.dao.RoomDAO.getActiveRooms(RoomDAO.java:154)
	at server.AppServer$1.run(AppServer.java:69)
	at java.base/java.util.TimerThread.mainLoop(Timer.java:572)
	at java.base/java.util.TimerThread.run(Timer.java:522)
2026-05-24 00:27:42 [Timer-0] ERROR server.dao.RoomDAO - Lỗi SQL khi lấy danh sách phòng ACTIVE
java.sql.SQLException: database connection closed
	at org.sqlite.SQLiteConnection.checkOpen(SQLiteConnection.java:418)
	at org.sqlite.jdbc4.JDBC4Connection.prepareStatement(JDBC4Connection.java:31)
	at org.sqlite.jdbc3.JDBC3Connection.prepareStatement(JDBC3Connection.java:225)
	at org.sqlite.jdbc3.JDBC3Connection.prepareStatement(JDBC3Connection.java:205)
	at server.dao.RoomDAO.getActiveRooms(RoomDAO.java:154)
	at server.AppServer$1.run(AppServer.java:69)
	at java.base/java.util.TimerThread.mainLoop(Timer.java:572)
	at java.base/java.util.TimerThread.run(Timer.java:522)
2026-05-24 00:27:43 [Timer-0] ERROR server.dao.RoomDAO - Lỗi SQL khi lấy danh sách phòng ACTIVE
java.sql.SQLException: database connection closed
	at org.sqlite.SQLiteConnection.checkOpen(SQLiteConnection.java:418)
	at org.sqlite.jdbc4.JDBC4Connection.prepareStatement(JDBC4Connection.java:31)
	at org.sqlite.jdbc3.JDBC3Connection.prepareStatement(JDBC3Connection.java:225)
	at org.sqlite.jdbc3.JDBC3Connection.prepareStatement(JDBC3Connection.java:205)
	at server.dao.RoomDAO.getActiveRooms(RoomDAO.java:154)
	at server.AppServer$1.run(AppServer.java:69)
	at java.base/java.util.TimerThread.mainLoop(Timer.java:572)
	at java.base/java.util.TimerThread.run(Timer.java:522)
2026-05-24 00:27:44 [Timer-0] ERROR server.dao.RoomDAO - Lỗi SQL khi lấy danh sách phòng ACTIVE
java.sql.SQLException: database connection closed
	at org.sqlite.SQLiteConnection.checkOpen(SQLiteConnection.java:418)
	at org.sqlite.jdbc4.JDBC4Connection.prepareStatement(JDBC4Connection.java:31)
	at org.sqlite.jdbc3.JDBC3Connection.prepareStatement(JDBC3Connection.java:225)
	at org.sqlite.jdbc3.JDBC3Connection.prepareStatement(JDBC3Connection.java:205)
	at server.dao.RoomDAO.getActiveRooms(RoomDAO.java:154)
	at server.AppServer$1.run(AppServer.java:69)
	at java.base/java.util.TimerThread.mainLoop(Timer.java:572)
	at java.base/java.util.TimerThread.run(Timer.java:522)
2026-05-24 00:27:45 [Timer-0] ERROR server.dao.RoomDAO - Lỗi SQL khi lấy danh sách phòng ACTIVE
java.sql.SQLException: database connection closed
	at org.sqlite.SQLiteConnection.checkOpen(SQLiteConnection.java:418)
	at org.sqlite.jdbc4.JDBC4Connection.prepareStatement(JDBC4Connection.java:31)
	at org.sqlite.jdbc3.JDBC3Connection.prepareStatement(JDBC3Connection.java:225)
	at org.sqlite.jdbc3.JDBC3Connection.prepareStatement(JDBC3Connection.java:205)
	at server.dao.RoomDAO.getActiveRooms(RoomDAO.java:154)
	at server.AppServer$1.run(AppServer.java:69)
	at java.base/java.util.TimerThread.mainLoop(Timer.java:572)
	at java.base/java.util.TimerThread.run(Timer.java:522)
2026-05-24 00:27:46 [Timer-0] ERROR server.dao.RoomDAO - Lỗi SQL khi lấy danh sách phòng ACTIVE
java.sql.SQLException: database connection closed
	at org.sqlite.SQLiteConnection.checkOpen(SQLiteConnection.java:418)
	at org.sqlite.jdbc4.JDBC4Connection.prepareStatement(JDBC4Connection.java:31)
	at org.sqlite.jdbc3.JDBC3Connection.prepareStatement(JDBC3Connection.java:225)
	at org.sqlite.jdbc3.JDBC3Connection.prepareStatement(JDBC3Connection.java:205)
	at server.dao.RoomDAO.getActiveRooms(RoomDAO.java:154)
	at server.AppServer$1.run(AppServer.java:69)
	at java.base/java.util.TimerThread.mainLoop(Timer.java:572)
	at java.base/java.util.TimerThread.run(Timer.java:522)
2026-05-24 00:27:47 [Timer-0] ERROR server.dao.RoomDAO - Lỗi SQL khi lấy danh sách phòng ACTIVE
java.sql.SQLException: database connection closed
	at org.sqlite.SQLiteConnection.checkOpen(SQLiteConnection.java:418)
	at org.sqlite.jdbc4.JDBC4Connection.prepareStatement(JDBC4Connection.java:31)
	at org.sqlite.jdbc3.JDBC3Connection.prepareStatement(JDBC3Connection.java:225)
	at org.sqlite.jdbc3.JDBC3Connection.prepareStatement(JDBC3Connection.java:205)
	at server.dao.RoomDAO.getActiveRooms(RoomDAO.java:154)
	at server.AppServer$1.run(AppServer.java:69)
	at java.base/java.util.TimerThread.mainLoop(Timer.java:572)
	at java.base/java.util.TimerThread.run(Timer.java:522)
2026-05-24 00:27:48 [Timer-0] ERROR server.dao.RoomDAO - Lỗi SQL khi lấy danh sách phòng ACTIVE
java.sql.SQLException: database connection closed
	at org.sqlite.SQLiteConnection.checkOpen(SQLiteConnection.java:418)
	at org.sqlite.jdbc4.JDBC4Connection.prepareStatement(JDBC4Connection.java:31)
	at org.sqlite.jdbc3.JDBC3Connection.prepareStatement(JDBC3Connection.java:225)
	at org.sqlite.jdbc3.JDBC3Connection.prepareStatement(JDBC3Connection.java:205)
	at server.dao.RoomDAO.getActiveRooms(RoomDAO.java:154)
	at server.AppServer$1.run(AppServer.java:69)
	at java.base/java.util.TimerThread.mainLoop(Timer.java:572)
	at java.base/java.util.TimerThread.run(Timer.java:522)
2026-05-24 00:27:49 [Timer-0] ERROR server.dao.RoomDAO - Lỗi SQL khi lấy danh sách phòng ACTIVE
java.sql.SQLException: database connection closed
	at org.sqlite.SQLiteConnection.checkOpen(SQLiteConnection.java:418)
	at org.sqlite.jdbc4.JDBC4Connection.prepareStatement(JDBC4Connection.java:31)
	at org.sqlite.jdbc3.JDBC3Connection.prepareStatement(JDBC3Connection.java:225)
	at org.sqlite.jdbc3.JDBC3Connection.prepareStatement(JDBC3Connection.java:205)
	at server.dao.RoomDAO.getActiveRooms(RoomDAO.java:154)
	at server.AppServer$1.run(AppServer.java:69)
	at java.base/java.util.TimerThread.mainLoop(Timer.java:572)
	at java.base/java.util.TimerThread.run(Timer.java:522)
2026-05-24 00:27:50 [Timer-0] ERROR server.dao.RoomDAO - Lỗi SQL khi lấy danh sách phòng ACTIVE
java.sql.SQLException: database connection closed
	at org.sqlite.SQLiteConnection.checkOpen(SQLiteConnection.java:418)
	at org.sqlite.jdbc4.JDBC4Connection.prepareStatement(JDBC4Connection.java:31)
	at org.sqlite.jdbc3.JDBC3Connection.prepareStatement(JDBC3Connection.java:225)
	at org.sqlite.jdbc3.JDBC3Connection.prepareStatement(JDBC3Connection.java:205)
	at server.dao.RoomDAO.getActiveRooms(RoomDAO.java:154)
	at server.AppServer$1.run(AppServer.java:69)
	at java.base/java.util.TimerThread.mainLoop(Timer.java:572)
	at java.base/java.util.TimerThread.run(Timer.java:522)
2026-05-24 00:27:51 [Timer-0] ERROR server.dao.RoomDAO - Lỗi SQL khi lấy danh sách phòng ACTIVE
java.sql.SQLException: database connection closed
	at org.sqlite.SQLiteConnection.checkOpen(SQLiteConnection.java:418)
	at org.sqlite.jdbc4.JDBC4Connection.prepareStatement(JDBC4Connection.java:31)
	at org.sqlite.jdbc3.JDBC3Connection.prepareStatement(JDBC3Connection.java:225)
	at org.sqlite.jdbc3.JDBC3Connection.prepareStatement(JDBC3Connection.java:205)
	at server.dao.RoomDAO.getActiveRooms(RoomDAO.java:154)
	at server.AppServer$1.run(AppServer.java:69)
	at java.base/java.util.TimerThread.mainLoop(Timer.java:572)
	at java.base/java.util.TimerThread.run(Timer.java:522)
2026-05-24 00:27:52 [Timer-0] ERROR server.dao.RoomDAO - Lỗi SQL khi lấy danh sách phòng ACTIVE
java.sql.SQLException: database connection closed
	at org.sqlite.SQLiteConnection.checkOpen(SQLiteConnection.java:418)
	at org.sqlite.jdbc4.JDBC4Connection.prepareStatement(JDBC4Connection.java:31)
	at org.sqlite.jdbc3.JDBC3Connection.prepareStatement(JDBC3Connection.java:225)
	at org.sqlite.jdbc3.JDBC3Connection.prepareStatement(JDBC3Connection.java:205)
	at server.dao.RoomDAO.getActiveRooms(RoomDAO.java:154)
	at server.AppServer$1.run(AppServer.java:69)
	at java.base/java.util.TimerThread.mainLoop(Timer.java:572)
	at java.base/java.util.TimerThread.run(Timer.java:522)
2026-05-24 00:27:53 [Timer-0] ERROR server.dao.RoomDAO - Lỗi SQL khi lấy danh sách phòng ACTIVE
java.sql.SQLException: database connection closed
	at org.sqlite.SQLiteConnection.checkOpen(SQLiteConnection.java:418)
	at org.sqlite.jdbc4.JDBC4Connection.prepareStatement(JDBC4Connection.java:31)
	at org.sqlite.jdbc3.JDBC3Connection.prepareStatement(JDBC3Connection.java:225)
	at org.sqlite.jdbc3.JDBC3Connection.prepareStatement(JDBC3Connection.java:205)
	at server.dao.RoomDAO.getActiveRooms(RoomDAO.java:154)
	at server.AppServer$1.run(AppServer.java:69)
	at java.base/java.util.TimerThread.mainLoop(Timer.java:572)
	at java.base/java.util.TimerThread.run(Timer.java:522)
2026-05-24 00:27:54 [Timer-0] ERROR server.dao.RoomDAO - Lỗi SQL khi lấy danh sách phòng ACTIVE
java.sql.SQLException: database connection closed
	at org.sqlite.SQLiteConnection.checkOpen(SQLiteConnection.java:418)
	at org.sqlite.jdbc4.JDBC4Connection.prepareStatement(JDBC4Connection.java:31)
	at org.sqlite.jdbc3.JDBC3Connection.prepareStatement(JDBC3Connection.java:225)
	at org.sqlite.jdbc3.JDBC3Connection.prepareStatement(JDBC3Connection.java:205)
	at server.dao.RoomDAO.getActiveRooms(RoomDAO.java:154)
	at server.AppServer$1.run(AppServer.java:69)
	at java.base/java.util.TimerThread.mainLoop(Timer.java:572)
	at java.base/java.util.TimerThread.run(Timer.java:522)
2026-05-24 00:27:55 [Timer-0] ERROR server.dao.RoomDAO - Lỗi SQL khi lấy danh sách phòng ACTIVE
java.sql.SQLException: database connection closed
	at org.sqlite.SQLiteConnection.checkOpen(SQLiteConnection.java:418)
	at org.sqlite.jdbc4.JDBC4Connection.prepareStatement(JDBC4Connection.java:31)
	at org.sqlite.jdbc3.JDBC3Connection.prepareStatement(JDBC3Connection.java:225)
	at org.sqlite.jdbc3.JDBC3Connection.prepareStatement(JDBC3Connection.java:205)
	at server.dao.RoomDAO.getActiveRooms(RoomDAO.java:154)
	at server.AppServer$1.run(AppServer.java:69)
	at java.base/java.util.TimerThread.mainLoop(Timer.java:572)
	at java.base/java.util.TimerThread.run(Timer.java:522)
2026-05-24 00:27:56 [Timer-0] ERROR server.dao.RoomDAO - Lỗi SQL khi lấy danh sách phòng ACTIVE
java.sql.SQLException: database connection closed
	at org.sqlite.SQLiteConnection.checkOpen(SQLiteConnection.java:418)
	at org.sqlite.jdbc4.JDBC4Connection.prepareStatement(JDBC4Connection.java:31)
	at org.sqlite.jdbc3.JDBC3Connection.prepareStatement(JDBC3Connection.java:225)
	at org.sqlite.jdbc3.JDBC3Connection.prepareStatement(JDBC3Connection.java:205)
	at server.dao.RoomDAO.getActiveRooms(RoomDAO.java:154)
	at server.AppServer$1.run(AppServer.java:69)
	at java.base/java.util.TimerThread.mainLoop(Timer.java:572)
	at java.base/java.util.TimerThread.run(Timer.java:522)
2026-05-24 00:27:57 [Timer-0] ERROR server.dao.RoomDAO - Lỗi SQL khi lấy danh sách phòng ACTIVE
java.sql.SQLException: database connection closed
	at org.sqlite.SQLiteConnection.checkOpen(SQLiteConnection.java:418)
	at org.sqlite.jdbc4.JDBC4Connection.prepareStatement(JDBC4Connection.java:31)
	at org.sqlite.jdbc3.JDBC3Connection.prepareStatement(JDBC3Connection.java:225)
	at org.sqlite.jdbc3.JDBC3Connection.prepareStatement(JDBC3Connection.java:205)
	at server.dao.RoomDAO.getActiveRooms(RoomDAO.java:154)
	at server.AppServer$1.run(AppServer.java:69)
	at java.base/java.util.TimerThread.mainLoop(Timer.java:572)
	at java.base/java.util.TimerThread.run(Timer.java:522)
2026-05-24 00:27:58 [Timer-0] ERROR server.dao.RoomDAO - Lỗi SQL khi lấy danh sách phòng ACTIVE
java.sql.SQLException: database connection closed
	at org.sqlite.SQLiteConnection.checkOpen(SQLiteConnection.java:418)
	at org.sqlite.jdbc4.JDBC4Connection.prepareStatement(JDBC4Connection.java:31)
	at org.sqlite.jdbc3.JDBC3Connection.prepareStatement(JDBC3Connection.java:225)
	at org.sqlite.jdbc3.JDBC3Connection.prepareStatement(JDBC3Connection.java:205)
	at server.dao.RoomDAO.getActiveRooms(RoomDAO.java:154)
	at server.AppServer$1.run(AppServer.java:69)
	at java.base/java.util.TimerThread.mainLoop(Timer.java:572)
	at java.base/java.util.TimerThread.run(Timer.java:522)
2026-05-24 00:27:59 [Timer-0] ERROR server.dao.RoomDAO - Lỗi SQL khi lấy danh sách phòng ACTIVE
java.sql.SQLException: database connection closed
	at org.sqlite.SQLiteConnection.checkOpen(SQLiteConnection.java:418)
	at org.sqlite.jdbc4.JDBC4Connection.prepareStatement(JDBC4Connection.java:31)
	at org.sqlite.jdbc3.JDBC3Connection.prepareStatement(JDBC3Connection.java:225)
	at org.sqlite.jdbc3.JDBC3Connection.prepareStatement(JDBC3Connection.java:205)
	at server.dao.RoomDAO.getActiveRooms(RoomDAO.java:154)
	at server.AppServer$1.run(AppServer.java:69)
	at java.base/java.util.TimerThread.mainLoop(Timer.java:572)
	at java.base/java.util.TimerThread.run(Timer.java:522)
2026-05-24 00:28:00 [Timer-0] ERROR server.dao.RoomDAO - Lỗi SQL khi lấy danh sách phòng ACTIVE
java.sql.SQLException: database connection closed
	at org.sqlite.SQLiteConnection.checkOpen(SQLiteConnection.java:418)
	at org.sqlite.jdbc4.JDBC4Connection.prepareStatement(JDBC4Connection.java:31)
	at org.sqlite.jdbc3.JDBC3Connection.prepareStatement(JDBC3Connection.java:225)
	at org.sqlite.jdbc3.JDBC3Connection.prepareStatement(JDBC3Connection.java:205)
	at server.dao.RoomDAO.getActiveRooms(RoomDAO.java:154)
	at server.AppServer$1.run(AppServer.java:69)
	at java.base/java.util.TimerThread.mainLoop(Timer.java:572)
	at java.base/java.util.TimerThread.run(Timer.java:522)
2026-05-24 00:28:01 [Timer-0] ERROR server.dao.RoomDAO - Lỗi SQL khi lấy danh sách phòng ACTIVE
java.sql.SQLException: database connection closed
	at org.sqlite.SQLiteConnection.checkOpen(SQLiteConnection.java:418)
	at org.sqlite.jdbc4.JDBC4Connection.prepareStatement(JDBC4Connection.java:31)
	at org.sqlite.jdbc3.JDBC3Connection.prepareStatement(JDBC3Connection.java:225)
	at org.sqlite.jdbc3.JDBC3Connection.prepareStatement(JDBC3Connection.java:205)
	at server.dao.RoomDAO.getActiveRooms(RoomDAO.java:154)
	at server.AppServer$1.run(AppServer.java:69)
	at java.base/java.util.TimerThread.mainLoop(Timer.java:572)
	at java.base/java.util.TimerThread.run(Timer.java:522)
2026-05-24 00:28:02 [Timer-0] ERROR server.dao.RoomDAO - Lỗi SQL khi lấy danh sách phòng ACTIVE
java.sql.SQLException: database connection closed
	at org.sqlite.SQLiteConnection.checkOpen(SQLiteConnection.java:418)
	at org.sqlite.jdbc4.JDBC4Connection.prepareStatement(JDBC4Connection.java:31)
	at org.sqlite.jdbc3.JDBC3Connection.prepareStatement(JDBC3Connection.java:225)
	at org.sqlite.jdbc3.JDBC3Connection.prepareStatement(JDBC3Connection.java:205)
	at server.dao.RoomDAO.getActiveRooms(RoomDAO.java:154)
	at server.AppServer$1.run(AppServer.java:69)
	at java.base/java.util.TimerThread.mainLoop(Timer.java:572)
	at java.base/java.util.TimerThread.run(Timer.java:522)
2026-05-24 00:28:03 [Timer-0] ERROR server.dao.RoomDAO - Lỗi SQL khi lấy danh sách phòng ACTIVE
java.sql.SQLException: database connection closed
	at org.sqlite.SQLiteConnection.checkOpen(SQLiteConnection.java:418)
	at org.sqlite.jdbc4.JDBC4Connection.prepareStatement(JDBC4Connection.java:31)
	at org.sqlite.jdbc3.JDBC3Connection.prepareStatement(JDBC3Connection.java:225)
	at org.sqlite.jdbc3.JDBC3Connection.prepareStatement(JDBC3Connection.java:205)
	at server.dao.RoomDAO.getActiveRooms(RoomDAO.java:154)
	at server.AppServer$1.run(AppServer.java:69)
	at java.base/java.util.TimerThread.mainLoop(Timer.java:572)
	at java.base/java.util.TimerThread.run(Timer.java:522)
2026-05-24 00:28:04 [Timer-0] ERROR server.dao.RoomDAO - Lỗi SQL khi lấy danh sách phòng ACTIVE
java.sql.SQLException: database connection closed
	at org.sqlite.SQLiteConnection.checkOpen(SQLiteConnection.java:418)
	at org.sqlite.jdbc4.JDBC4Connection.prepareStatement(JDBC4Connection.java:31)
	at org.sqlite.jdbc3.JDBC3Connection.prepareStatement(JDBC3Connection.java:225)
	at org.sqlite.jdbc3.JDBC3Connection.prepareStatement(JDBC3Connection.java:205)
	at server.dao.RoomDAO.getActiveRooms(RoomDAO.java:154)
	at server.AppServer$1.run(AppServer.java:69)
	at java.base/java.util.TimerThread.mainLoop(Timer.java:572)
	at java.base/java.util.TimerThread.run(Timer.java:522)
2026-05-24 00:28:05 [Timer-0] ERROR server.dao.RoomDAO - Lỗi SQL khi lấy danh sách phòng ACTIVE
java.sql.SQLException: database connection closed
	at org.sqlite.SQLiteConnection.checkOpen(SQLiteConnection.java:418)
	at org.sqlite.jdbc4.JDBC4Connection.prepareStatement(JDBC4Connection.java:31)
	at org.sqlite.jdbc3.JDBC3Connection.prepareStatement(JDBC3Connection.java:225)
	at org.sqlite.jdbc3.JDBC3Connection.prepareStatement(JDBC3Connection.java:205)
	at server.dao.RoomDAO.getActiveRooms(RoomDAO.java:154)
	at server.AppServer$1.run(AppServer.java:69)
	at java.base/java.util.TimerThread.mainLoop(Timer.java:572)
	at java.base/java.util.TimerThread.run(Timer.java:522)
2026-05-24 00:28:06 [Timer-0] ERROR server.dao.RoomDAO - Lỗi SQL khi lấy danh sách phòng ACTIVE
java.sql.SQLException: database connection closed
	at org.sqlite.SQLiteConnection.checkOpen(SQLiteConnection.java:418)
	at org.sqlite.jdbc4.JDBC4Connection.prepareStatement(JDBC4Connection.java:31)
	at org.sqlite.jdbc3.JDBC3Connection.prepareStatement(JDBC3Connection.java:225)
	at org.sqlite.jdbc3.JDBC3Connection.prepareStatement(JDBC3Connection.java:205)
	at server.dao.RoomDAO.getActiveRooms(RoomDAO.java:154)
	at server.AppServer$1.run(AppServer.java:69)
	at java.base/java.util.TimerThread.mainLoop(Timer.java:572)
	at java.base/java.util.TimerThread.run(Timer.java:522)
2026-05-24 00:28:07 [Timer-0] ERROR server.dao.RoomDAO - Lỗi SQL khi lấy danh sách phòng ACTIVE
java.sql.SQLException: database connection closed
	at org.sqlite.SQLiteConnection.checkOpen(SQLiteConnection.java:418)
	at org.sqlite.jdbc4.JDBC4Connection.prepareStatement(JDBC4Connection.java:31)
	at org.sqlite.jdbc3.JDBC3Connection.prepareStatement(JDBC3Connection.java:225)
	at org.sqlite.jdbc3.JDBC3Connection.prepareStatement(JDBC3Connection.java:205)
	at server.dao.RoomDAO.getActiveRooms(RoomDAO.java:154)
	at server.AppServer$1.run(AppServer.java:69)
	at java.base/java.util.TimerThread.mainLoop(Timer.java:572)
	at java.base/java.util.TimerThread.run(Timer.java:522)
2026-05-24 00:28:08 [Timer-0] ERROR server.dao.RoomDAO - Lỗi SQL khi lấy danh sách phòng ACTIVE
java.sql.SQLException: database connection closed
	at org.sqlite.SQLiteConnection.checkOpen(SQLiteConnection.java:418)
	at org.sqlite.jdbc4.JDBC4Connection.prepareStatement(JDBC4Connection.java:31)
	at org.sqlite.jdbc3.JDBC3Connection.prepareStatement(JDBC3Connection.java:225)
	at org.sqlite.jdbc3.JDBC3Connection.prepareStatement(JDBC3Connection.java:205)
	at server.dao.RoomDAO.getActiveRooms(RoomDAO.java:154)
	at server.AppServer$1.run(AppServer.java:69)
	at java.base/java.util.TimerThread.mainLoop(Timer.java:572)
	at java.base/java.util.TimerThread.run(Timer.java:522)
2026-05-24 00:28:09 [Timer-0] ERROR server.dao.RoomDAO - Lỗi SQL khi lấy danh sách phòng ACTIVE
java.sql.SQLException: database connection closed
	at org.sqlite.SQLiteConnection.checkOpen(SQLiteConnection.java:418)
	at org.sqlite.jdbc4.JDBC4Connection.prepareStatement(JDBC4Connection.java:31)
	at org.sqlite.jdbc3.JDBC3Connection.prepareStatement(JDBC3Connection.java:225)
	at org.sqlite.jdbc3.JDBC3Connection.prepareStatement(JDBC3Connection.java:205)
	at server.dao.RoomDAO.getActiveRooms(RoomDAO.java:154)
	at server.AppServer$1.run(AppServer.java:69)
	at java.base/java.util.TimerThread.mainLoop(Timer.java:572)
	at java.base/java.util.TimerThread.run(Timer.java:522)
2026-05-24 00:28:10 [Timer-0] ERROR server.dao.RoomDAO - Lỗi SQL khi lấy danh sách phòng ACTIVE
java.sql.SQLException: database connection closed
	at org.sqlite.SQLiteConnection.checkOpen(SQLiteConnection.java:418)
	at org.sqlite.jdbc4.JDBC4Connection.prepareStatement(JDBC4Connection.java:31)
	at org.sqlite.jdbc3.JDBC3Connection.prepareStatement(JDBC3Connection.java:225)
	at org.sqlite.jdbc3.JDBC3Connection.prepareStatement(JDBC3Connection.java:205)
	at server.dao.RoomDAO.getActiveRooms(RoomDAO.java:154)
	at server.AppServer$1.run(AppServer.java:69)
	at java.base/java.util.TimerThread.mainLoop(Timer.java:572)
	at java.base/java.util.TimerThread.run(Timer.java:522)
2026-05-24 00:28:11 [Timer-0] ERROR server.dao.RoomDAO - Lỗi SQL khi lấy danh sách phòng ACTIVE
java.sql.SQLException: database connection closed
	at org.sqlite.SQLiteConnection.checkOpen(SQLiteConnection.java:418)
	at org.sqlite.jdbc4.JDBC4Connection.prepareStatement(JDBC4Connection.java:31)
	at org.sqlite.jdbc3.JDBC3Connection.prepareStatement(JDBC3Connection.java:225)
	at org.sqlite.jdbc3.JDBC3Connection.prepareStatement(JDBC3Connection.java:205)
	at server.dao.RoomDAO.getActiveRooms(RoomDAO.java:154)
	at server.AppServer$1.run(AppServer.java:69)
	at java.base/java.util.TimerThread.mainLoop(Timer.java:572)
	at java.base/java.util.TimerThread.run(Timer.java:522)
2026-05-24 00:28:12 [Timer-0] ERROR server.dao.RoomDAO - Lỗi SQL khi lấy danh sách phòng ACTIVE
java.sql.SQLException: database connection closed
	at org.sqlite.SQLiteConnection.checkOpen(SQLiteConnection.java:418)
	at org.sqlite.jdbc4.JDBC4Connection.prepareStatement(JDBC4Connection.java:31)
	at org.sqlite.jdbc3.JDBC3Connection.prepareStatement(JDBC3Connection.java:225)
	at org.sqlite.jdbc3.JDBC3Connection.prepareStatement(JDBC3Connection.java:205)
	at server.dao.RoomDAO.getActiveRooms(RoomDAO.java:154)
	at server.AppServer$1.run(AppServer.java:69)
	at java.base/java.util.TimerThread.mainLoop(Timer.java:572)
	at java.base/java.util.TimerThread.run(Timer.java:522)
2026-05-24 00:28:13 [Timer-0] ERROR server.dao.RoomDAO - Lỗi SQL khi lấy danh sách phòng ACTIVE
java.sql.SQLException: database connection closed
	at org.sqlite.SQLiteConnection.checkOpen(SQLiteConnection.java:418)
	at org.sqlite.jdbc4.JDBC4Connection.prepareStatement(JDBC4Connection.java:31)
	at org.sqlite.jdbc3.JDBC3Connection.prepareStatement(JDBC3Connection.java:225)
	at org.sqlite.jdbc3.JDBC3Connection.prepareStatement(JDBC3Connection.java:205)
	at server.dao.RoomDAO.getActiveRooms(RoomDAO.java:154)
	at server.AppServer$1.run(AppServer.java:69)
	at java.base/java.util.TimerThread.mainLoop(Timer.java:572)
	at java.base/java.util.TimerThread.run(Timer.java:522)
2026-05-24 00:28:14 [Timer-0] ERROR server.dao.RoomDAO - Lỗi SQL khi lấy danh sách phòng ACTIVE
java.sql.SQLException: database connection closed
	at org.sqlite.SQLiteConnection.checkOpen(SQLiteConnection.java:418)
	at org.sqlite.jdbc4.JDBC4Connection.prepareStatement(JDBC4Connection.java:31)
	at org.sqlite.jdbc3.JDBC3Connection.prepareStatement(JDBC3Connection.java:225)
	at org.sqlite.jdbc3.JDBC3Connection.prepareStatement(JDBC3Connection.java:205)
	at server.dao.RoomDAO.getActiveRooms(RoomDAO.java:154)
	at server.AppServer$1.run(AppServer.java:69)
	at java.base/java.util.TimerThread.mainLoop(Timer.java:572)
	at java.base/java.util.TimerThread.run(Timer.java:522)
2026-05-24 00:28:15 [Timer-0] ERROR server.dao.RoomDAO - Lỗi SQL khi lấy danh sách phòng ACTIVE
java.sql.SQLException: database connection closed
	at org.sqlite.SQLiteConnection.checkOpen(SQLiteConnection.java:418)
	at org.sqlite.jdbc4.JDBC4Connection.prepareStatement(JDBC4Connection.java:31)
	at org.sqlite.jdbc3.JDBC3Connection.prepareStatement(JDBC3Connection.java:225)
	at org.sqlite.jdbc3.JDBC3Connection.prepareStatement(JDBC3Connection.java:205)
	at server.dao.RoomDAO.getActiveRooms(RoomDAO.java:154)
	at server.AppServer$1.run(AppServer.java:69)
	at java.base/java.util.TimerThread.mainLoop(Timer.java:572)
	at java.base/java.util.TimerThread.run(Timer.java:522)
2026-05-24 00:28:16 [Timer-0] ERROR server.dao.RoomDAO - Lỗi SQL khi lấy danh sách phòng ACTIVE
java.sql.SQLException: database connection closed
	at org.sqlite.SQLiteConnection.checkOpen(SQLiteConnection.java:418)
	at org.sqlite.jdbc4.JDBC4Connection.prepareStatement(JDBC4Connection.java:31)
	at org.sqlite.jdbc3.JDBC3Connection.prepareStatement(JDBC3Connection.java:225)
	at org.sqlite.jdbc3.JDBC3Connection.prepareStatement(JDBC3Connection.java:205)
	at server.dao.RoomDAO.getActiveRooms(RoomDAO.java:154)
	at server.AppServer$1.run(AppServer.java:69)
	at java.base/java.util.TimerThread.mainLoop(Timer.java:572)
	at java.base/java.util.TimerThread.run(Timer.java:522)
2026-05-24 00:28:17 [Timer-0] ERROR server.dao.RoomDAO - Lỗi SQL khi lấy danh sách phòng ACTIVE
java.sql.SQLException: database connection closed
	at org.sqlite.SQLiteConnection.checkOpen(SQLiteConnection.java:418)
	at org.sqlite.jdbc4.JDBC4Connection.prepareStatement(JDBC4Connection.java:31)
	at org.sqlite.jdbc3.JDBC3Connection.prepareStatement(JDBC3Connection.java:225)
	at org.sqlite.jdbc3.JDBC3Connection.prepareStatement(JDBC3Connection.java:205)
	at server.dao.RoomDAO.getActiveRooms(RoomDAO.java:154)
	at server.AppServer$1.run(AppServer.java:69)
	at java.base/java.util.TimerThread.mainLoop(Timer.java:572)
	at java.base/java.util.TimerThread.run(Timer.java:522)
2026-05-24 00:28:18 [Timer-0] ERROR server.dao.RoomDAO - Lỗi SQL khi lấy danh sách phòng ACTIVE
java.sql.SQLException: database connection closed
	at org.sqlite.SQLiteConnection.checkOpen(SQLiteConnection.java:418)
	at org.sqlite.jdbc4.JDBC4Connection.prepareStatement(JDBC4Connection.java:31)
	at org.sqlite.jdbc3.JDBC3Connection.prepareStatement(JDBC3Connection.java:225)
	at org.sqlite.jdbc3.JDBC3Connection.prepareStatement(JDBC3Connection.java:205)
	at server.dao.RoomDAO.getActiveRooms(RoomDAO.java:154)
	at server.AppServer$1.run(AppServer.java:69)
	at java.base/java.util.TimerThread.mainLoop(Timer.java:572)
	at java.base/java.util.TimerThread.run(Timer.java:522)
2026-05-24 00:28:19 [Timer-0] ERROR server.dao.RoomDAO - Lỗi SQL khi lấy danh sách phòng ACTIVE
java.sql.SQLException: database connection closed
	at org.sqlite.SQLiteConnection.checkOpen(SQLiteConnection.java:418)
	at org.sqlite.jdbc4.JDBC4Connection.prepareStatement(JDBC4Connection.java:31)
	at org.sqlite.jdbc3.JDBC3Connection.prepareStatement(JDBC3Connection.java:225)
	at org.sqlite.jdbc3.JDBC3Connection.prepareStatement(JDBC3Connection.java:205)
	at server.dao.RoomDAO.getActiveRooms(RoomDAO.java:154)
	at server.AppServer$1.run(AppServer.java:69)
	at java.base/java.util.TimerThread.mainLoop(Timer.java:572)
	at java.base/java.util.TimerThread.run(Timer.java:522)
2026-05-24 00:28:20 [Timer-0] ERROR server.dao.RoomDAO - Lỗi SQL khi lấy danh sách phòng ACTIVE
java.sql.SQLException: database connection closed
	at org.sqlite.SQLiteConnection.checkOpen(SQLiteConnection.java:418)
	at org.sqlite.jdbc4.JDBC4Connection.prepareStatement(JDBC4Connection.java:31)
	at org.sqlite.jdbc3.JDBC3Connection.prepareStatement(JDBC3Connection.java:225)
	at org.sqlite.jdbc3.JDBC3Connection.prepareStatement(JDBC3Connection.java:205)
	at server.dao.RoomDAO.getActiveRooms(RoomDAO.java:154)
	at server.AppServer$1.run(AppServer.java:69)
	at java.base/java.util.TimerThread.mainLoop(Timer.java:572)
	at java.base/java.util.TimerThread.run(Timer.java:522)
2026-05-24 00:28:21 [Timer-0] ERROR server.dao.RoomDAO - Lỗi SQL khi lấy danh sách phòng ACTIVE
java.sql.SQLException: database connection closed
	at org.sqlite.SQLiteConnection.checkOpen(SQLiteConnection.java:418)
	at org.sqlite.jdbc4.JDBC4Connection.prepareStatement(JDBC4Connection.java:31)
	at org.sqlite.jdbc3.JDBC3Connection.prepareStatement(JDBC3Connection.java:225)
	at org.sqlite.jdbc3.JDBC3Connection.prepareStatement(JDBC3Connection.java:205)
	at server.dao.RoomDAO.getActiveRooms(RoomDAO.java:154)
	at server.AppServer$1.run(AppServer.java:69)
	at java.base/java.util.TimerThread.mainLoop(Timer.java:572)
	at java.base/java.util.TimerThread.run(Timer.java:522)
2026-05-24 00:28:22 [Timer-0] ERROR server.dao.RoomDAO - Lỗi SQL khi lấy danh sách phòng ACTIVE
java.sql.SQLException: database connection closed
	at org.sqlite.SQLiteConnection.checkOpen(SQLiteConnection.java:418)
	at org.sqlite.jdbc4.JDBC4Connection.prepareStatement(JDBC4Connection.java:31)
	at org.sqlite.jdbc3.JDBC3Connection.prepareStatement(JDBC3Connection.java:225)
	at org.sqlite.jdbc3.JDBC3Connection.prepareStatement(JDBC3Connection.java:205)
	at server.dao.RoomDAO.getActiveRooms(RoomDAO.java:154)
	at server.AppServer$1.run(AppServer.java:69)
	at java.base/java.util.TimerThread.mainLoop(Timer.java:572)
	at java.base/java.util.TimerThread.run(Timer.java:522)
2026-05-24 00:28:23 [Timer-0] ERROR server.dao.RoomDAO - Lỗi SQL khi lấy danh sách phòng ACTIVE
java.sql.SQLException: database connection closed
	at org.sqlite.SQLiteConnection.checkOpen(SQLiteConnection.java:418)
	at org.sqlite.jdbc4.JDBC4Connection.prepareStatement(JDBC4Connection.java:31)
	at org.sqlite.jdbc3.JDBC3Connection.prepareStatement(JDBC3Connection.java:225)
	at org.sqlite.jdbc3.JDBC3Connection.prepareStatement(JDBC3Connection.java:205)
	at server.dao.RoomDAO.getActiveRooms(RoomDAO.java:154)
	at server.AppServer$1.run(AppServer.java:69)
	at java.base/java.util.TimerThread.mainLoop(Timer.java:572)
	at java.base/java.util.TimerThread.run(Timer.java:522)
2026-05-24 00:28:24 [Timer-0] ERROR server.dao.RoomDAO - Lỗi SQL khi lấy danh sách phòng ACTIVE
java.sql.SQLException: database connection closed
	at org.sqlite.SQLiteConnection.checkOpen(SQLiteConnection.java:418)
	at org.sqlite.jdbc4.JDBC4Connection.prepareStatement(JDBC4Connection.java:31)
	at org.sqlite.jdbc3.JDBC3Connection.prepareStatement(JDBC3Connection.java:225)
	at org.sqlite.jdbc3.JDBC3Connection.prepareStatement(JDBC3Connection.java:205)
	at server.dao.RoomDAO.getActiveRooms(RoomDAO.java:154)
	at server.AppServer$1.run(AppServer.java:69)
	at java.base/java.util.TimerThread.mainLoop(Timer.java:572)
	at java.base/java.util.TimerThread.run(Timer.java:522)
2026-05-24 00:28:25 [Timer-0] ERROR server.dao.RoomDAO - Lỗi SQL khi lấy danh sách phòng ACTIVE
java.sql.SQLException: database connection closed
	at org.sqlite.SQLiteConnection.checkOpen(SQLiteConnection.java:418)
	at org.sqlite.jdbc4.JDBC4Connection.prepareStatement(JDBC4Connection.java:31)
	at org.sqlite.jdbc3.JDBC3Connection.prepareStatement(JDBC3Connection.java:225)
	at org.sqlite.jdbc3.JDBC3Connection.prepareStatement(JDBC3Connection.java:205)
	at server.dao.RoomDAO.getActiveRooms(RoomDAO.java:154)
	at server.AppServer$1.run(AppServer.java:69)
	at java.base/java.util.TimerThread.mainLoop(Timer.java:572)
	at java.base/java.util.TimerThread.run(Timer.java:522)
2026-05-24 00:28:26 [Timer-0] ERROR server.dao.RoomDAO - Lỗi SQL khi lấy danh sách phòng ACTIVE
java.sql.SQLException: database connection closed
	at org.sqlite.SQLiteConnection.checkOpen(SQLiteConnection.java:418)
	at org.sqlite.jdbc4.JDBC4Connection.prepareStatement(JDBC4Connection.java:31)
	at org.sqlite.jdbc3.JDBC3Connection.prepareStatement(JDBC3Connection.java:225)
	at org.sqlite.jdbc3.JDBC3Connection.prepareStatement(JDBC3Connection.java:205)
	at server.dao.RoomDAO.getActiveRooms(RoomDAO.java:154)
	at server.AppServer$1.run(AppServer.java:69)
	at java.base/java.util.TimerThread.mainLoop(Timer.java:572)
	at java.base/java.util.TimerThread.run(Timer.java:522)
2026-05-24 00:28:27 [Timer-0] ERROR server.dao.RoomDAO - Lỗi SQL khi lấy danh sách phòng ACTIVE
java.sql.SQLException: database connection closed
	at org.sqlite.SQLiteConnection.checkOpen(SQLiteConnection.java:418)
	at org.sqlite.jdbc4.JDBC4Connection.prepareStatement(JDBC4Connection.java:31)
	at org.sqlite.jdbc3.JDBC3Connection.prepareStatement(JDBC3Connection.java:225)
	at org.sqlite.jdbc3.JDBC3Connection.prepareStatement(JDBC3Connection.java:205)
	at server.dao.RoomDAO.getActiveRooms(RoomDAO.java:154)
	at server.AppServer$1.run(AppServer.java:69)
	at java.base/java.util.TimerThread.mainLoop(Timer.java:572)
	at java.base/java.util.TimerThread.run(Timer.java:522)
2026-05-24 00:28:28 [Timer-0] ERROR server.dao.RoomDAO - Lỗi SQL khi lấy danh sách phòng ACTIVE
java.sql.SQLException: database connection closed
	at org.sqlite.SQLiteConnection.checkOpen(SQLiteConnection.java:418)
	at org.sqlite.jdbc4.JDBC4Connection.prepareStatement(JDBC4Connection.java:31)
	at org.sqlite.jdbc3.JDBC3Connection.prepareStatement(JDBC3Connection.java:225)
	at org.sqlite.jdbc3.JDBC3Connection.prepareStatement(JDBC3Connection.java:205)
	at server.dao.RoomDAO.getActiveRooms(RoomDAO.java:154)
	at server.AppServer$1.run(AppServer.java:69)
	at java.base/java.util.TimerThread.mainLoop(Timer.java:572)
	at java.base/java.util.TimerThread.run(Timer.java:522)
2026-05-24 00:28:29 [Timer-0] ERROR server.dao.RoomDAO - Lỗi SQL khi lấy danh sách phòng ACTIVE
java.sql.SQLException: database connection closed
	at org.sqlite.SQLiteConnection.checkOpen(SQLiteConnection.java:418)
	at org.sqlite.jdbc4.JDBC4Connection.prepareStatement(JDBC4Connection.java:31)
	at org.sqlite.jdbc3.JDBC3Connection.prepareStatement(JDBC3Connection.java:225)
	at org.sqlite.jdbc3.JDBC3Connection.prepareStatement(JDBC3Connection.java:205)
	at server.dao.RoomDAO.getActiveRooms(RoomDAO.java:154)
	at server.AppServer$1.run(AppServer.java:69)
	at java.base/java.util.TimerThread.mainLoop(Timer.java:572)
	at java.base/java.util.TimerThread.run(Timer.java:522)
2026-05-24 00:28:30 [Timer-0] ERROR server.dao.RoomDAO - Lỗi SQL khi lấy danh sách phòng ACTIVE
java.sql.SQLException: database connection closed
	at org.sqlite.SQLiteConnection.checkOpen(SQLiteConnection.java:418)
	at org.sqlite.jdbc4.JDBC4Connection.prepareStatement(JDBC4Connection.java:31)
	at org.sqlite.jdbc3.JDBC3Connection.prepareStatement(JDBC3Connection.java:225)
	at org.sqlite.jdbc3.JDBC3Connection.prepareStatement(JDBC3Connection.java:205)
	at server.dao.RoomDAO.getActiveRooms(RoomDAO.java:154)
	at server.AppServer$1.run(AppServer.java:69)
	at java.base/java.util.TimerThread.mainLoop(Timer.java:572)
	at java.base/java.util.TimerThread.run(Timer.java:522)
2026-05-24 00:28:31 [Timer-0] ERROR server.dao.RoomDAO - Lỗi SQL khi lấy danh sách phòng ACTIVE
java.sql.SQLException: database connection closed
	at org.sqlite.SQLiteConnection.checkOpen(SQLiteConnection.java:418)
	at org.sqlite.jdbc4.JDBC4Connection.prepareStatement(JDBC4Connection.java:31)
	at org.sqlite.jdbc3.JDBC3Connection.prepareStatement(JDBC3Connection.java:225)
	at org.sqlite.jdbc3.JDBC3Connection.prepareStatement(JDBC3Connection.java:205)
	at server.dao.RoomDAO.getActiveRooms(RoomDAO.java:154)
	at server.AppServer$1.run(AppServer.java:69)
	at java.base/java.util.TimerThread.mainLoop(Timer.java:572)
	at java.base/java.util.TimerThread.run(Timer.java:522)
2026-05-24 00:28:32 [Timer-0] ERROR server.dao.RoomDAO - Lỗi SQL khi lấy danh sách phòng ACTIVE
java.sql.SQLException: database connection closed
	at org.sqlite.SQLiteConnection.checkOpen(SQLiteConnection.java:418)
	at org.sqlite.jdbc4.JDBC4Connection.prepareStatement(JDBC4Connection.java:31)
	at org.sqlite.jdbc3.JDBC3Connection.prepareStatement(JDBC3Connection.java:225)
	at org.sqlite.jdbc3.JDBC3Connection.prepareStatement(JDBC3Connection.java:205)
	at server.dao.RoomDAO.getActiveRooms(RoomDAO.java:154)
	at server.AppServer$1.run(AppServer.java:69)
	at java.base/java.util.TimerThread.mainLoop(Timer.java:572)
	at java.base/java.util.TimerThread.run(Timer.java:522)
2026-05-24 00:28:33 [Timer-0] ERROR server.dao.RoomDAO - Lỗi SQL khi lấy danh sách phòng ACTIVE
java.sql.SQLException: database connection closed
	at org.sqlite.SQLiteConnection.checkOpen(SQLiteConnection.java:418)
	at org.sqlite.jdbc4.JDBC4Connection.prepareStatement(JDBC4Connection.java:31)
	at org.sqlite.jdbc3.JDBC3Connection.prepareStatement(JDBC3Connection.java:225)
	at org.sqlite.jdbc3.JDBC3Connection.prepareStatement(JDBC3Connection.java:205)
	at server.dao.RoomDAO.getActiveRooms(RoomDAO.java:154)
	at server.AppServer$1.run(AppServer.java:69)
	at java.base/java.util.TimerThread.mainLoop(Timer.java:572)
	at java.base/java.util.TimerThread.run(Timer.java:522)
2026-05-24 00:28:34 [Timer-0] ERROR server.dao.RoomDAO - Lỗi SQL khi lấy danh sách phòng ACTIVE
java.sql.SQLException: database connection closed
	at org.sqlite.SQLiteConnection.checkOpen(SQLiteConnection.java:418)
	at org.sqlite.jdbc4.JDBC4Connection.prepareStatement(JDBC4Connection.java:31)
	at org.sqlite.jdbc3.JDBC3Connection.prepareStatement(JDBC3Connection.java:225)
	at org.sqlite.jdbc3.JDBC3Connection.prepareStatement(JDBC3Connection.java:205)
	at server.dao.RoomDAO.getActiveRooms(RoomDAO.java:154)
	at server.AppServer$1.run(AppServer.java:69)
	at java.base/java.util.TimerThread.mainLoop(Timer.java:572)
	at java.base/java.util.TimerThread.run(Timer.java:522)
2026-05-24 00:28:35 [Timer-0] ERROR server.dao.RoomDAO - Lỗi SQL khi lấy danh sách phòng ACTIVE
java.sql.SQLException: database connection closed
	at org.sqlite.SQLiteConnection.checkOpen(SQLiteConnection.java:418)
	at org.sqlite.jdbc4.JDBC4Connection.prepareStatement(JDBC4Connection.java:31)
	at org.sqlite.jdbc3.JDBC3Connection.prepareStatement(JDBC3Connection.java:225)
	at org.sqlite.jdbc3.JDBC3Connection.prepareStatement(JDBC3Connection.java:205)
	at server.dao.RoomDAO.getActiveRooms(RoomDAO.java:154)
	at server.AppServer$1.run(AppServer.java:69)
	at java.base/java.util.TimerThread.mainLoop(Timer.java:572)
	at java.base/java.util.TimerThread.run(Timer.java:522)
2026-05-24 00:28:36 [Timer-0] ERROR server.dao.RoomDAO - Lỗi SQL khi lấy danh sách phòng ACTIVE
java.sql.SQLException: database connection closed
	at org.sqlite.SQLiteConnection.checkOpen(SQLiteConnection.java:418)
	at org.sqlite.jdbc4.JDBC4Connection.prepareStatement(JDBC4Connection.java:31)
	at org.sqlite.jdbc3.JDBC3Connection.prepareStatement(JDBC3Connection.java:225)
	at org.sqlite.jdbc3.JDBC3Connection.prepareStatement(JDBC3Connection.java:205)
	at server.dao.RoomDAO.getActiveRooms(RoomDAO.java:154)
	at server.AppServer$1.run(AppServer.java:69)
	at java.base/java.util.TimerThread.mainLoop(Timer.java:572)
	at java.base/java.util.TimerThread.run(Timer.java:522)
2026-05-24 00:28:37 [Timer-0] ERROR server.dao.RoomDAO - Lỗi SQL khi lấy danh sách phòng ACTIVE
java.sql.SQLException: database connection closed
	at org.sqlite.SQLiteConnection.checkOpen(SQLiteConnection.java:418)
	at org.sqlite.jdbc4.JDBC4Connection.prepareStatement(JDBC4Connection.java:31)
	at org.sqlite.jdbc3.JDBC3Connection.prepareStatement(JDBC3Connection.java:225)
	at org.sqlite.jdbc3.JDBC3Connection.prepareStatement(JDBC3Connection.java:205)
	at server.dao.RoomDAO.getActiveRooms(RoomDAO.java:154)
	at server.AppServer$1.run(AppServer.java:69)
	at java.base/java.util.TimerThread.mainLoop(Timer.java:572)
	at java.base/java.util.TimerThread.run(Timer.java:522)
2026-05-24 00:28:38 [Timer-0] ERROR server.dao.RoomDAO - Lỗi SQL khi lấy danh sách phòng ACTIVE
java.sql.SQLException: database connection closed
	at org.sqlite.SQLiteConnection.checkOpen(SQLiteConnection.java:418)
	at org.sqlite.jdbc4.JDBC4Connection.prepareStatement(JDBC4Connection.java:31)
	at org.sqlite.jdbc3.JDBC3Connection.prepareStatement(JDBC3Connection.java:225)
	at org.sqlite.jdbc3.JDBC3Connection.prepareStatement(JDBC3Connection.java:205)
	at server.dao.RoomDAO.getActiveRooms(RoomDAO.java:154)
	at server.AppServer$1.run(AppServer.java:69)
	at java.base/java.util.TimerThread.mainLoop(Timer.java:572)
	at java.base/java.util.TimerThread.run(Timer.java:522)
2026-05-24 00:28:39 [Timer-0] ERROR server.dao.RoomDAO - Lỗi SQL khi lấy danh sách phòng ACTIVE
java.sql.SQLException: database connection closed
	at org.sqlite.SQLiteConnection.checkOpen(SQLiteConnection.java:418)
	at org.sqlite.jdbc4.JDBC4Connection.prepareStatement(JDBC4Connection.java:31)
	at org.sqlite.jdbc3.JDBC3Connection.prepareStatement(JDBC3Connection.java:225)
	at org.sqlite.jdbc3.JDBC3Connection.prepareStatement(JDBC3Connection.java:205)
	at server.dao.RoomDAO.getActiveRooms(RoomDAO.java:154)
	at server.AppServer$1.run(AppServer.java:69)
	at java.base/java.util.TimerThread.mainLoop(Timer.java:572)
	at java.base/java.util.TimerThread.run(Timer.java:522)
2026-05-24 00:28:40 [Timer-0] ERROR server.dao.RoomDAO - Lỗi SQL khi lấy danh sách phòng ACTIVE
java.sql.SQLException: database connection closed
	at org.sqlite.SQLiteConnection.checkOpen(SQLiteConnection.java:418)
	at org.sqlite.jdbc4.JDBC4Connection.prepareStatement(JDBC4Connection.java:31)
	at org.sqlite.jdbc3.JDBC3Connection.prepareStatement(JDBC3Connection.java:225)
	at org.sqlite.jdbc3.JDBC3Connection.prepareStatement(JDBC3Connection.java:205)
	at server.dao.RoomDAO.getActiveRooms(RoomDAO.java:154)
	at server.AppServer$1.run(AppServer.java:69)
	at java.base/java.util.TimerThread.mainLoop(Timer.java:572)
	at java.base/java.util.TimerThread.run(Timer.java:522)
2026-05-24 00:28:41 [Timer-0] ERROR server.dao.RoomDAO - Lỗi SQL khi lấy danh sách phòng ACTIVE
java.sql.SQLException: database connection closed
	at org.sqlite.SQLiteConnection.checkOpen(SQLiteConnection.java:418)
	at org.sqlite.jdbc4.JDBC4Connection.prepareStatement(JDBC4Connection.java:31)
	at org.sqlite.jdbc3.JDBC3Connection.prepareStatement(JDBC3Connection.java:225)
	at org.sqlite.jdbc3.JDBC3Connection.prepareStatement(JDBC3Connection.java:205)
	at server.dao.RoomDAO.getActiveRooms(RoomDAO.java:154)
	at server.AppServer$1.run(AppServer.java:69)
	at java.base/java.util.TimerThread.mainLoop(Timer.java:572)
	at java.base/java.util.TimerThread.run(Timer.java:522)
2026-05-24 00:28:42 [Timer-0] ERROR server.dao.RoomDAO - Lỗi SQL khi lấy danh sách phòng ACTIVE
java.sql.SQLException: database connection closed
	at org.sqlite.SQLiteConnection.checkOpen(SQLiteConnection.java:418)
	at org.sqlite.jdbc4.JDBC4Connection.prepareStatement(JDBC4Connection.java:31)
	at org.sqlite.jdbc3.JDBC3Connection.prepareStatement(JDBC3Connection.java:225)
	at org.sqlite.jdbc3.JDBC3Connection.prepareStatement(JDBC3Connection.java:205)
	at server.dao.RoomDAO.getActiveRooms(RoomDAO.java:154)
	at server.AppServer$1.run(AppServer.java:69)
	at java.base/java.util.TimerThread.mainLoop(Timer.java:572)
	at java.base/java.util.TimerThread.run(Timer.java:522)
2026-05-24 00:28:43 [Timer-0] ERROR server.dao.RoomDAO - Lỗi SQL khi lấy danh sách phòng ACTIVE
java.sql.SQLException: database connection closed
	at org.sqlite.SQLiteConnection.checkOpen(SQLiteConnection.java:418)
	at org.sqlite.jdbc4.JDBC4Connection.prepareStatement(JDBC4Connection.java:31)
	at org.sqlite.jdbc3.JDBC3Connection.prepareStatement(JDBC3Connection.java:225)
	at org.sqlite.jdbc3.JDBC3Connection.prepareStatement(JDBC3Connection.java:205)
	at server.dao.RoomDAO.getActiveRooms(RoomDAO.java:154)
	at server.AppServer$1.run(AppServer.java:69)
	at java.base/java.util.TimerThread.mainLoop(Timer.java:572)
	at java.base/java.util.TimerThread.run(Timer.java:522)
2026-05-24 00:28:44 [Timer-0] ERROR server.dao.RoomDAO - Lỗi SQL khi lấy danh sách phòng ACTIVE
java.sql.SQLException: database connection closed
	at org.sqlite.SQLiteConnection.checkOpen(SQLiteConnection.java:418)
	at org.sqlite.jdbc4.JDBC4Connection.prepareStatement(JDBC4Connection.java:31)
	at org.sqlite.jdbc3.JDBC3Connection.prepareStatement(JDBC3Connection.java:225)
	at org.sqlite.jdbc3.JDBC3Connection.prepareStatement(JDBC3Connection.java:205)
	at server.dao.RoomDAO.getActiveRooms(RoomDAO.java:154)
	at server.AppServer$1.run(AppServer.java:69)
	at java.base/java.util.TimerThread.mainLoop(Timer.java:572)
	at java.base/java.util.TimerThread.run(Timer.java:522)
2026-05-24 00:28:45 [Timer-0] ERROR server.dao.RoomDAO - Lỗi SQL khi lấy danh sách phòng ACTIVE
java.sql.SQLException: database connection closed
	at org.sqlite.SQLiteConnection.checkOpen(SQLiteConnection.java:418)
	at org.sqlite.jdbc4.JDBC4Connection.prepareStatement(JDBC4Connection.java:31)
	at org.sqlite.jdbc3.JDBC3Connection.prepareStatement(JDBC3Connection.java:225)
	at org.sqlite.jdbc3.JDBC3Connection.prepareStatement(JDBC3Connection.java:205)
	at server.dao.RoomDAO.getActiveRooms(RoomDAO.java:154)
	at server.AppServer$1.run(AppServer.java:69)
	at java.base/java.util.TimerThread.mainLoop(Timer.java:572)
	at java.base/java.util.TimerThread.run(Timer.java:522)
2026-05-24 00:28:46 [Timer-0] ERROR server.dao.RoomDAO - Lỗi SQL khi lấy danh sách phòng ACTIVE
java.sql.SQLException: database connection closed
	at org.sqlite.SQLiteConnection.checkOpen(SQLiteConnection.java:418)
	at org.sqlite.jdbc4.JDBC4Connection.prepareStatement(JDBC4Connection.java:31)
	at org.sqlite.jdbc3.JDBC3Connection.prepareStatement(JDBC3Connection.java:225)
	at org.sqlite.jdbc3.JDBC3Connection.prepareStatement(JDBC3Connection.java:205)
	at server.dao.RoomDAO.getActiveRooms(RoomDAO.java:154)
	at server.AppServer$1.run(AppServer.java:69)
	at java.base/java.util.TimerThread.mainLoop(Timer.java:572)
	at java.base/java.util.TimerThread.run(Timer.java:522)
2026-05-24 00:28:47 [Timer-0] ERROR server.dao.RoomDAO - Lỗi SQL khi lấy danh sách phòng ACTIVE
java.sql.SQLException: database connection closed
	at org.sqlite.SQLiteConnection.checkOpen(SQLiteConnection.java:418)
	at org.sqlite.jdbc4.JDBC4Connection.prepareStatement(JDBC4Connection.java:31)
	at org.sqlite.jdbc3.JDBC3Connection.prepareStatement(JDBC3Connection.java:225)
	at org.sqlite.jdbc3.JDBC3Connection.prepareStatement(JDBC3Connection.java:205)
	at server.dao.RoomDAO.getActiveRooms(RoomDAO.java:154)
	at server.AppServer$1.run(AppServer.java:69)
	at java.base/java.util.TimerThread.mainLoop(Timer.java:572)
	at java.base/java.util.TimerThread.run(Timer.java:522)
2026-05-24 00:28:48 [Timer-0] ERROR server.dao.RoomDAO - Lỗi SQL khi lấy danh sách phòng ACTIVE
java.sql.SQLException: database connection closed
	at org.sqlite.SQLiteConnection.checkOpen(SQLiteConnection.java:418)
	at org.sqlite.jdbc4.JDBC4Connection.prepareStatement(JDBC4Connection.java:31)
	at org.sqlite.jdbc3.JDBC3Connection.prepareStatement(JDBC3Connection.java:225)
	at org.sqlite.jdbc3.JDBC3Connection.prepareStatement(JDBC3Connection.java:205)
	at server.dao.RoomDAO.getActiveRooms(RoomDAO.java:154)
	at server.AppServer$1.run(AppServer.java:69)
	at java.base/java.util.TimerThread.mainLoop(Timer.java:572)
	at java.base/java.util.TimerThread.run(Timer.java:522)
2026-05-24 00:28:49 [Timer-0] ERROR server.dao.RoomDAO - Lỗi SQL khi lấy danh sách phòng ACTIVE
java.sql.SQLException: database connection closed
	at org.sqlite.SQLiteConnection.checkOpen(SQLiteConnection.java:418)
	at org.sqlite.jdbc4.JDBC4Connection.prepareStatement(JDBC4Connection.java:31)
	at org.sqlite.jdbc3.JDBC3Connection.prepareStatement(JDBC3Connection.java:225)
	at org.sqlite.jdbc3.JDBC3Connection.prepareStatement(JDBC3Connection.java:205)
	at server.dao.RoomDAO.getActiveRooms(RoomDAO.java:154)
	at server.AppServer$1.run(AppServer.java:69)
	at java.base/java.util.TimerThread.mainLoop(Timer.java:572)
	at java.base/java.util.TimerThread.run(Timer.java:522)
2026-05-24 00:28:50 [Timer-0] ERROR server.dao.RoomDAO - Lỗi SQL khi lấy danh sách phòng ACTIVE
java.sql.SQLException: database connection closed
	at org.sqlite.SQLiteConnection.checkOpen(SQLiteConnection.java:418)
	at org.sqlite.jdbc4.JDBC4Connection.prepareStatement(JDBC4Connection.java:31)
	at org.sqlite.jdbc3.JDBC3Connection.prepareStatement(JDBC3Connection.java:225)
	at org.sqlite.jdbc3.JDBC3Connection.prepareStatement(JDBC3Connection.java:205)
	at server.dao.RoomDAO.getActiveRooms(RoomDAO.java:154)
	at server.AppServer$1.run(AppServer.java:69)
	at java.base/java.util.TimerThread.mainLoop(Timer.java:572)
	at java.base/java.util.TimerThread.run(Timer.java:522)
2026-05-24 00:28:51 [Timer-0] ERROR server.dao.RoomDAO - Lỗi SQL khi lấy danh sách phòng ACTIVE
java.sql.SQLException: database connection closed
	at org.sqlite.SQLiteConnection.checkOpen(SQLiteConnection.java:418)
	at org.sqlite.jdbc4.JDBC4Connection.prepareStatement(JDBC4Connection.java:31)
	at org.sqlite.jdbc3.JDBC3Connection.prepareStatement(JDBC3Connection.java:225)
	at org.sqlite.jdbc3.JDBC3Connection.prepareStatement(JDBC3Connection.java:205)
	at server.dao.RoomDAO.getActiveRooms(RoomDAO.java:154)
	at server.AppServer$1.run(AppServer.java:69)
	at java.base/java.util.TimerThread.mainLoop(Timer.java:572)
	at java.base/java.util.TimerThread.run(Timer.java:522)
2026-05-24 00:28:52 [Timer-0] ERROR server.dao.RoomDAO - Lỗi SQL khi lấy danh sách phòng ACTIVE
java.sql.SQLException: database connection closed
	at org.sqlite.SQLiteConnection.checkOpen(SQLiteConnection.java:418)
	at org.sqlite.jdbc4.JDBC4Connection.prepareStatement(JDBC4Connection.java:31)
	at org.sqlite.jdbc3.JDBC3Connection.prepareStatement(JDBC3Connection.java:225)
	at org.sqlite.jdbc3.JDBC3Connection.prepareStatement(JDBC3Connection.java:205)
	at server.dao.RoomDAO.getActiveRooms(RoomDAO.java:154)
	at server.AppServer$1.run(AppServer.java:69)
	at java.base/java.util.TimerThread.mainLoop(Timer.java:572)
	at java.base/java.util.TimerThread.run(Timer.java:522)
2026-05-24 00:28:53 [Timer-0] ERROR server.dao.RoomDAO - Lỗi SQL khi lấy danh sách phòng ACTIVE
java.sql.SQLException: database connection closed
	at org.sqlite.SQLiteConnection.checkOpen(SQLiteConnection.java:418)
	at org.sqlite.jdbc4.JDBC4Connection.prepareStatement(JDBC4Connection.java:31)
	at org.sqlite.jdbc3.JDBC3Connection.prepareStatement(JDBC3Connection.java:225)
	at org.sqlite.jdbc3.JDBC3Connection.prepareStatement(JDBC3Connection.java:205)
	at server.dao.RoomDAO.getActiveRooms(RoomDAO.java:154)
	at server.AppServer$1.run(AppServer.java:69)
	at java.base/java.util.TimerThread.mainLoop(Timer.java:572)
	at java.base/java.util.TimerThread.run(Timer.java:522)
2026-05-24 00:28:54 [Timer-0] ERROR server.dao.RoomDAO - Lỗi SQL khi lấy danh sách phòng ACTIVE
java.sql.SQLException: database connection closed
	at org.sqlite.SQLiteConnection.checkOpen(SQLiteConnection.java:418)
	at org.sqlite.jdbc4.JDBC4Connection.prepareStatement(JDBC4Connection.java:31)
	at org.sqlite.jdbc3.JDBC3Connection.prepareStatement(JDBC3Connection.java:225)
	at org.sqlite.jdbc3.JDBC3Connection.prepareStatement(JDBC3Connection.java:205)
	at server.dao.RoomDAO.getActiveRooms(RoomDAO.java:154)
	at server.AppServer$1.run(AppServer.java:69)
	at java.base/java.util.TimerThread.mainLoop(Timer.java:572)
	at java.base/java.util.TimerThread.run(Timer.java:522)
2026-05-24 00:28:55 [Timer-0] ERROR server.dao.RoomDAO - Lỗi SQL khi lấy danh sách phòng ACTIVE
java.sql.SQLException: database connection closed
	at org.sqlite.SQLiteConnection.checkOpen(SQLiteConnection.java:418)
	at org.sqlite.jdbc4.JDBC4Connection.prepareStatement(JDBC4Connection.java:31)
	at org.sqlite.jdbc3.JDBC3Connection.prepareStatement(JDBC3Connection.java:225)
	at org.sqlite.jdbc3.JDBC3Connection.prepareStatement(JDBC3Connection.java:205)
	at server.dao.RoomDAO.getActiveRooms(RoomDAO.java:154)
	at server.AppServer$1.run(AppServer.java:69)
	at java.base/java.util.TimerThread.mainLoop(Timer.java:572)
	at java.base/java.util.TimerThread.run(Timer.java:522)
2026-05-24 00:28:56 [Timer-0] ERROR server.dao.RoomDAO - Lỗi SQL khi lấy danh sách phòng ACTIVE
java.sql.SQLException: database connection closed
	at org.sqlite.SQLiteConnection.checkOpen(SQLiteConnection.java:418)
	at org.sqlite.jdbc4.JDBC4Connection.prepareStatement(JDBC4Connection.java:31)
	at org.sqlite.jdbc3.JDBC3Connection.prepareStatement(JDBC3Connection.java:225)
	at org.sqlite.jdbc3.JDBC3Connection.prepareStatement(JDBC3Connection.java:205)
	at server.dao.RoomDAO.getActiveRooms(RoomDAO.java:154)
	at server.AppServer$1.run(AppServer.java:69)
	at java.base/java.util.TimerThread.mainLoop(Timer.java:572)
	at java.base/java.util.TimerThread.run(Timer.java:522)
2026-05-24 00:28:57 [Timer-0] ERROR server.dao.RoomDAO - Lỗi SQL khi lấy danh sách phòng ACTIVE
java.sql.SQLException: database connection closed
	at org.sqlite.SQLiteConnection.checkOpen(SQLiteConnection.java:418)
	at org.sqlite.jdbc4.JDBC4Connection.prepareStatement(JDBC4Connection.java:31)
	at org.sqlite.jdbc3.JDBC3Connection.prepareStatement(JDBC3Connection.java:225)
	at org.sqlite.jdbc3.JDBC3Connection.prepareStatement(JDBC3Connection.java:205)
	at server.dao.RoomDAO.getActiveRooms(RoomDAO.java:154)
	at server.AppServer$1.run(AppServer.java:69)
	at java.base/java.util.TimerThread.mainLoop(Timer.java:572)
	at java.base/java.util.TimerThread.run(Timer.java:522)
2026-05-24 00:28:58 [Timer-0] ERROR server.dao.RoomDAO - Lỗi SQL khi lấy danh sách phòng ACTIVE
java.sql.SQLException: database connection closed
	at org.sqlite.SQLiteConnection.checkOpen(SQLiteConnection.java:418)
	at org.sqlite.jdbc4.JDBC4Connection.prepareStatement(JDBC4Connection.java:31)
	at org.sqlite.jdbc3.JDBC3Connection.prepareStatement(JDBC3Connection.java:225)
	at org.sqlite.jdbc3.JDBC3Connection.prepareStatement(JDBC3Connection.java:205)
	at server.dao.RoomDAO.getActiveRooms(RoomDAO.java:154)
	at server.AppServer$1.run(AppServer.java:69)
	at java.base/java.util.TimerThread.mainLoop(Timer.java:572)
	at java.base/java.util.TimerThread.run(Timer.java:522)
2026-05-24 00:28:59 [Timer-0] ERROR server.dao.RoomDAO - Lỗi SQL khi lấy danh sách phòng ACTIVE
java.sql.SQLException: database connection closed
	at org.sqlite.SQLiteConnection.checkOpen(SQLiteConnection.java:418)
	at org.sqlite.jdbc4.JDBC4Connection.prepareStatement(JDBC4Connection.java:31)
	at org.sqlite.jdbc3.JDBC3Connection.prepareStatement(JDBC3Connection.java:225)
	at org.sqlite.jdbc3.JDBC3Connection.prepareStatement(JDBC3Connection.java:205)
	at server.dao.RoomDAO.getActiveRooms(RoomDAO.java:154)
	at server.AppServer$1.run(AppServer.java:69)
	at java.base/java.util.TimerThread.mainLoop(Timer.java:572)
	at java.base/java.util.TimerThread.run(Timer.java:522)
2026-05-24 00:29:00 [Timer-0] ERROR server.dao.RoomDAO - Lỗi SQL khi lấy danh sách phòng ACTIVE
java.sql.SQLException: database connection closed
	at org.sqlite.SQLiteConnection.checkOpen(SQLiteConnection.java:418)
	at org.sqlite.jdbc4.JDBC4Connection.prepareStatement(JDBC4Connection.java:31)
	at org.sqlite.jdbc3.JDBC3Connection.prepareStatement(JDBC3Connection.java:225)
	at org.sqlite.jdbc3.JDBC3Connection.prepareStatement(JDBC3Connection.java:205)
	at server.dao.RoomDAO.getActiveRooms(RoomDAO.java:154)
	at server.AppServer$1.run(AppServer.java:69)
	at java.base/java.util.TimerThread.mainLoop(Timer.java:572)
	at java.base/java.util.TimerThread.run(Timer.java:522)
2026-05-24 00:29:01 [Timer-0] ERROR server.dao.RoomDAO - Lỗi SQL khi lấy danh sách phòng ACTIVE
java.sql.SQLException: database connection closed
	at org.sqlite.SQLiteConnection.checkOpen(SQLiteConnection.java:418)
	at org.sqlite.jdbc4.JDBC4Connection.prepareStatement(JDBC4Connection.java:31)
	at org.sqlite.jdbc3.JDBC3Connection.prepareStatement(JDBC3Connection.java:225)
	at org.sqlite.jdbc3.JDBC3Connection.prepareStatement(JDBC3Connection.java:205)
	at server.dao.RoomDAO.getActiveRooms(RoomDAO.java:154)
	at server.AppServer$1.run(AppServer.java:69)
	at java.base/java.util.TimerThread.mainLoop(Timer.java:572)
	at java.base/java.util.TimerThread.run(Timer.java:522)
2026-05-24 00:29:02 [Timer-0] ERROR server.dao.RoomDAO - Lỗi SQL khi lấy danh sách phòng ACTIVE
java.sql.SQLException: database connection closed
	at org.sqlite.SQLiteConnection.checkOpen(SQLiteConnection.java:418)
	at org.sqlite.jdbc4.JDBC4Connection.prepareStatement(JDBC4Connection.java:31)
	at org.sqlite.jdbc3.JDBC3Connection.prepareStatement(JDBC3Connection.java:225)
	at org.sqlite.jdbc3.JDBC3Connection.prepareStatement(JDBC3Connection.java:205)
	at server.dao.RoomDAO.getActiveRooms(RoomDAO.java:154)
	at server.AppServer$1.run(AppServer.java:69)
	at java.base/java.util.TimerThread.mainLoop(Timer.java:572)
	at java.base/java.util.TimerThread.run(Timer.java:522)
2026-05-24 00:29:03 [Timer-0] ERROR server.dao.RoomDAO - Lỗi SQL khi lấy danh sách phòng ACTIVE
java.sql.SQLException: database connection closed
	at org.sqlite.SQLiteConnection.checkOpen(SQLiteConnection.java:418)
	at org.sqlite.jdbc4.JDBC4Connection.prepareStatement(JDBC4Connection.java:31)
	at org.sqlite.jdbc3.JDBC3Connection.prepareStatement(JDBC3Connection.java:225)
	at org.sqlite.jdbc3.JDBC3Connection.prepareStatement(JDBC3Connection.java:205)
	at server.dao.RoomDAO.getActiveRooms(RoomDAO.java:154)
	at server.AppServer$1.run(AppServer.java:69)
	at java.base/java.util.TimerThread.mainLoop(Timer.java:572)
	at java.base/java.util.TimerThread.run(Timer.java:522)
2026-05-24 00:29:04 [Timer-0] ERROR server.dao.RoomDAO - Lỗi SQL khi lấy danh sách phòng ACTIVE
java.sql.SQLException: database connection closed
	at org.sqlite.SQLiteConnection.checkOpen(SQLiteConnection.java:418)
	at org.sqlite.jdbc4.JDBC4Connection.prepareStatement(JDBC4Connection.java:31)
	at org.sqlite.jdbc3.JDBC3Connection.prepareStatement(JDBC3Connection.java:225)
	at org.sqlite.jdbc3.JDBC3Connection.prepareStatement(JDBC3Connection.java:205)
	at server.dao.RoomDAO.getActiveRooms(RoomDAO.java:154)
	at server.AppServer$1.run(AppServer.java:69)
	at java.base/java.util.TimerThread.mainLoop(Timer.java:572)
	at java.base/java.util.TimerThread.run(Timer.java:522)
2026-05-24 00:29:05 [Timer-0] ERROR server.dao.RoomDAO - Lỗi SQL khi lấy danh sách phòng ACTIVE
java.sql.SQLException: database connection closed
	at org.sqlite.SQLiteConnection.checkOpen(SQLiteConnection.java:418)
	at org.sqlite.jdbc4.JDBC4Connection.prepareStatement(JDBC4Connection.java:31)
	at org.sqlite.jdbc3.JDBC3Connection.prepareStatement(JDBC3Connection.java:225)
	at org.sqlite.jdbc3.JDBC3Connection.prepareStatement(JDBC3Connection.java:205)
	at server.dao.RoomDAO.getActiveRooms(RoomDAO.java:154)
	at server.AppServer$1.run(AppServer.java:69)
	at java.base/java.util.TimerThread.mainLoop(Timer.java:572)
	at java.base/java.util.TimerThread.run(Timer.java:522)
2026-05-24 00:29:06 [Timer-0] ERROR server.dao.RoomDAO - Lỗi SQL khi lấy danh sách phòng ACTIVE
java.sql.SQLException: database connection closed
	at org.sqlite.SQLiteConnection.checkOpen(SQLiteConnection.java:418)
	at org.sqlite.jdbc4.JDBC4Connection.prepareStatement(JDBC4Connection.java:31)
	at org.sqlite.jdbc3.JDBC3Connection.prepareStatement(JDBC3Connection.java:225)
	at org.sqlite.jdbc3.JDBC3Connection.prepareStatement(JDBC3Connection.java:205)
	at server.dao.RoomDAO.getActiveRooms(RoomDAO.java:154)
	at server.AppServer$1.run(AppServer.java:69)
	at java.base/java.util.TimerThread.mainLoop(Timer.java:572)
	at java.base/java.util.TimerThread.run(Timer.java:522)
2026-05-24 00:29:07 [Timer-0] ERROR server.dao.RoomDAO - Lỗi SQL khi lấy danh sách phòng ACTIVE
java.sql.SQLException: database connection closed
	at org.sqlite.SQLiteConnection.checkOpen(SQLiteConnection.java:418)
	at org.sqlite.jdbc4.JDBC4Connection.prepareStatement(JDBC4Connection.java:31)
	at org.sqlite.jdbc3.JDBC3Connection.prepareStatement(JDBC3Connection.java:225)
	at org.sqlite.jdbc3.JDBC3Connection.prepareStatement(JDBC3Connection.java:205)
	at server.dao.RoomDAO.getActiveRooms(RoomDAO.java:154)
	at server.AppServer$1.run(AppServer.java:69)
	at java.base/java.util.TimerThread.mainLoop(Timer.java:572)
	at java.base/java.util.TimerThread.run(Timer.java:522)
2026-05-24 00:29:08 [Timer-0] ERROR server.dao.RoomDAO - Lỗi SQL khi lấy danh sách phòng ACTIVE
java.sql.SQLException: database connection closed
	at org.sqlite.SQLiteConnection.checkOpen(SQLiteConnection.java:418)
	at org.sqlite.jdbc4.JDBC4Connection.prepareStatement(JDBC4Connection.java:31)
	at org.sqlite.jdbc3.JDBC3Connection.prepareStatement(JDBC3Connection.java:225)
	at org.sqlite.jdbc3.JDBC3Connection.prepareStatement(JDBC3Connection.java:205)
	at server.dao.RoomDAO.getActiveRooms(RoomDAO.java:154)
	at server.AppServer$1.run(AppServer.java:69)
	at java.base/java.util.TimerThread.mainLoop(Timer.java:572)
	at java.base/java.util.TimerThread.run(Timer.java:522)
2026-05-24 00:29:09 [Timer-0] ERROR server.dao.RoomDAO - Lỗi SQL khi lấy danh sách phòng ACTIVE
java.sql.SQLException: database connection closed
	at org.sqlite.SQLiteConnection.checkOpen(SQLiteConnection.java:418)
	at org.sqlite.jdbc4.JDBC4Connection.prepareStatement(JDBC4Connection.java:31)
	at org.sqlite.jdbc3.JDBC3Connection.prepareStatement(JDBC3Connection.java:225)
	at org.sqlite.jdbc3.JDBC3Connection.prepareStatement(JDBC3Connection.java:205)
	at server.dao.RoomDAO.getActiveRooms(RoomDAO.java:154)
	at server.AppServer$1.run(AppServer.java:69)
	at java.base/java.util.TimerThread.mainLoop(Timer.java:572)
	at java.base/java.util.TimerThread.run(Timer.java:522)
2026-05-24 00:29:10 [Timer-0] ERROR server.dao.RoomDAO - Lỗi SQL khi lấy danh sách phòng ACTIVE
java.sql.SQLException: database connection closed
	at org.sqlite.SQLiteConnection.checkOpen(SQLiteConnection.java:418)
	at org.sqlite.jdbc4.JDBC4Connection.prepareStatement(JDBC4Connection.java:31)
	at org.sqlite.jdbc3.JDBC3Connection.prepareStatement(JDBC3Connection.java:225)
	at org.sqlite.jdbc3.JDBC3Connection.prepareStatement(JDBC3Connection.java:205)
	at server.dao.RoomDAO.getActiveRooms(RoomDAO.java:154)
	at server.AppServer$1.run(AppServer.java:69)
	at java.base/java.util.TimerThread.mainLoop(Timer.java:572)
	at java.base/java.util.TimerThread.run(Timer.java:522)
2026-05-24 00:29:11 [Timer-0] ERROR server.dao.RoomDAO - Lỗi SQL khi lấy danh sách phòng ACTIVE
java.sql.SQLException: database connection closed
	at org.sqlite.SQLiteConnection.checkOpen(SQLiteConnection.java:418)
	at org.sqlite.jdbc4.JDBC4Connection.prepareStatement(JDBC4Connection.java:31)
	at org.sqlite.jdbc3.JDBC3Connection.prepareStatement(JDBC3Connection.java:225)
	at org.sqlite.jdbc3.JDBC3Connection.prepareStatement(JDBC3Connection.java:205)
	at server.dao.RoomDAO.getActiveRooms(RoomDAO.java:154)
	at server.AppServer$1.run(AppServer.java:69)
	at java.base/java.util.TimerThread.mainLoop(Timer.java:572)
	at java.base/java.util.TimerThread.run(Timer.java:522)
2026-05-24 00:29:12 [Timer-0] ERROR server.dao.RoomDAO - Lỗi SQL khi lấy danh sách phòng ACTIVE
java.sql.SQLException: database connection closed
	at org.sqlite.SQLiteConnection.checkOpen(SQLiteConnection.java:418)
	at org.sqlite.jdbc4.JDBC4Connection.prepareStatement(JDBC4Connection.java:31)
	at org.sqlite.jdbc3.JDBC3Connection.prepareStatement(JDBC3Connection.java:225)
	at org.sqlite.jdbc3.JDBC3Connection.prepareStatement(JDBC3Connection.java:205)
	at server.dao.RoomDAO.getActiveRooms(RoomDAO.java:154)
	at server.AppServer$1.run(AppServer.java:69)
	at java.base/java.util.TimerThread.mainLoop(Timer.java:572)
	at java.base/java.util.TimerThread.run(Timer.java:522)
2026-05-24 00:29:13 [Timer-0] ERROR server.dao.RoomDAO - Lỗi SQL khi lấy danh sách phòng ACTIVE
java.sql.SQLException: database connection closed
	at org.sqlite.SQLiteConnection.checkOpen(SQLiteConnection.java:418)
	at org.sqlite.jdbc4.JDBC4Connection.prepareStatement(JDBC4Connection.java:31)
	at org.sqlite.jdbc3.JDBC3Connection.prepareStatement(JDBC3Connection.java:225)
	at org.sqlite.jdbc3.JDBC3Connection.prepareStatement(JDBC3Connection.java:205)
	at server.dao.RoomDAO.getActiveRooms(RoomDAO.java:154)
	at server.AppServer$1.run(AppServer.java:69)
	at java.base/java.util.TimerThread.mainLoop(Timer.java:572)
	at java.base/java.util.TimerThread.run(Timer.java:522)
2026-05-24 00:29:14 [Timer-0] ERROR server.dao.RoomDAO - Lỗi SQL khi lấy danh sách phòng ACTIVE
java.sql.SQLException: database connection closed
	at org.sqlite.SQLiteConnection.checkOpen(SQLiteConnection.java:418)
	at org.sqlite.jdbc4.JDBC4Connection.prepareStatement(JDBC4Connection.java:31)
	at org.sqlite.jdbc3.JDBC3Connection.prepareStatement(JDBC3Connection.java:225)
	at org.sqlite.jdbc3.JDBC3Connection.prepareStatement(JDBC3Connection.java:205)
	at server.dao.RoomDAO.getActiveRooms(RoomDAO.java:154)
	at server.AppServer$1.run(AppServer.java:69)
	at java.base/java.util.TimerThread.mainLoop(Timer.java:572)
	at java.base/java.util.TimerThread.run(Timer.java:522)
2026-05-24 00:29:15 [Timer-0] ERROR server.dao.RoomDAO - Lỗi SQL khi lấy danh sách phòng ACTIVE
java.sql.SQLException: database connection closed
	at org.sqlite.SQLiteConnection.checkOpen(SQLiteConnection.java:418)
	at org.sqlite.jdbc4.JDBC4Connection.prepareStatement(JDBC4Connection.java:31)
	at org.sqlite.jdbc3.JDBC3Connection.prepareStatement(JDBC3Connection.java:225)
	at org.sqlite.jdbc3.JDBC3Connection.prepareStatement(JDBC3Connection.java:205)
	at server.dao.RoomDAO.getActiveRooms(RoomDAO.java:154)
	at server.AppServer$1.run(AppServer.java:69)
	at java.base/java.util.TimerThread.mainLoop(Timer.java:572)
	at java.base/java.util.TimerThread.run(Timer.java:522)
2026-05-24 00:29:16 [Timer-0] ERROR server.dao.RoomDAO - Lỗi SQL khi lấy danh sách phòng ACTIVE
java.sql.SQLException: database connection closed
	at org.sqlite.SQLiteConnection.checkOpen(SQLiteConnection.java:418)
	at org.sqlite.jdbc4.JDBC4Connection.prepareStatement(JDBC4Connection.java:31)
	at org.sqlite.jdbc3.JDBC3Connection.prepareStatement(JDBC3Connection.java:225)
	at org.sqlite.jdbc3.JDBC3Connection.prepareStatement(JDBC3Connection.java:205)
	at server.dao.RoomDAO.getActiveRooms(RoomDAO.java:154)
	at server.AppServer$1.run(AppServer.java:69)
	at java.base/java.util.TimerThread.mainLoop(Timer.java:572)
	at java.base/java.util.TimerThread.run(Timer.java:522)
2026-05-24 00:29:17 [Timer-0] ERROR server.dao.RoomDAO - Lỗi SQL khi lấy danh sách phòng ACTIVE
java.sql.SQLException: database connection closed
	at org.sqlite.SQLiteConnection.checkOpen(SQLiteConnection.java:418)
	at org.sqlite.jdbc4.JDBC4Connection.prepareStatement(JDBC4Connection.java:31)
	at org.sqlite.jdbc3.JDBC3Connection.prepareStatement(JDBC3Connection.java:225)
	at org.sqlite.jdbc3.JDBC3Connection.prepareStatement(JDBC3Connection.java:205)
	at server.dao.RoomDAO.getActiveRooms(RoomDAO.java:154)
	at server.AppServer$1.run(AppServer.java:69)
	at java.base/java.util.TimerThread.mainLoop(Timer.java:572)
	at java.base/java.util.TimerThread.run(Timer.java:522)
2026-05-24 00:29:18 [Timer-0] ERROR server.dao.RoomDAO - Lỗi SQL khi lấy danh sách phòng ACTIVE
java.sql.SQLException: database connection closed
	at org.sqlite.SQLiteConnection.checkOpen(SQLiteConnection.java:418)
	at org.sqlite.jdbc4.JDBC4Connection.prepareStatement(JDBC4Connection.java:31)
	at org.sqlite.jdbc3.JDBC3Connection.prepareStatement(JDBC3Connection.java:225)
	at org.sqlite.jdbc3.JDBC3Connection.prepareStatement(JDBC3Connection.java:205)
	at server.dao.RoomDAO.getActiveRooms(RoomDAO.java:154)
	at server.AppServer$1.run(AppServer.java:69)
	at java.base/java.util.TimerThread.mainLoop(Timer.java:572)
	at java.base/java.util.TimerThread.run(Timer.java:522)
2026-05-24 00:29:19 [Timer-0] ERROR server.dao.RoomDAO - Lỗi SQL khi lấy danh sách phòng ACTIVE
java.sql.SQLException: database connection closed
	at org.sqlite.SQLiteConnection.checkOpen(SQLiteConnection.java:418)
	at org.sqlite.jdbc4.JDBC4Connection.prepareStatement(JDBC4Connection.java:31)
	at org.sqlite.jdbc3.JDBC3Connection.prepareStatement(JDBC3Connection.java:225)
	at org.sqlite.jdbc3.JDBC3Connection.prepareStatement(JDBC3Connection.java:205)
	at server.dao.RoomDAO.getActiveRooms(RoomDAO.java:154)
	at server.AppServer$1.run(AppServer.java:69)
	at java.base/java.util.TimerThread.mainLoop(Timer.java:572)
	at java.base/java.util.TimerThread.run(Timer.java:522)
2026-05-24 00:29:20 [Timer-0] ERROR server.dao.RoomDAO - Lỗi SQL khi lấy danh sách phòng ACTIVE
java.sql.SQLException: database connection closed
	at org.sqlite.SQLiteConnection.checkOpen(SQLiteConnection.java:418)
	at org.sqlite.jdbc4.JDBC4Connection.prepareStatement(JDBC4Connection.java:31)
	at org.sqlite.jdbc3.JDBC3Connection.prepareStatement(JDBC3Connection.java:225)
	at org.sqlite.jdbc3.JDBC3Connection.prepareStatement(JDBC3Connection.java:205)
	at server.dao.RoomDAO.getActiveRooms(RoomDAO.java:154)
	at server.AppServer$1.run(AppServer.java:69)
	at java.base/java.util.TimerThread.mainLoop(Timer.java:572)
	at java.base/java.util.TimerThread.run(Timer.java:522)
2026-05-24 00:29:21 [Timer-0] ERROR server.dao.RoomDAO - Lỗi SQL khi lấy danh sách phòng ACTIVE
java.sql.SQLException: database connection closed
	at org.sqlite.SQLiteConnection.checkOpen(SQLiteConnection.java:418)
	at org.sqlite.jdbc4.JDBC4Connection.prepareStatement(JDBC4Connection.java:31)
	at org.sqlite.jdbc3.JDBC3Connection.prepareStatement(JDBC3Connection.java:225)
	at org.sqlite.jdbc3.JDBC3Connection.prepareStatement(JDBC3Connection.java:205)
	at server.dao.RoomDAO.getActiveRooms(RoomDAO.java:154)
	at server.AppServer$1.run(AppServer.java:69)
	at java.base/java.util.TimerThread.mainLoop(Timer.java:572)
	at java.base/java.util.TimerThread.run(Timer.java:522)
2026-05-24 00:29:22 [Timer-0] ERROR server.dao.RoomDAO - Lỗi SQL khi lấy danh sách phòng ACTIVE
java.sql.SQLException: database connection closed
	at org.sqlite.SQLiteConnection.checkOpen(SQLiteConnection.java:418)
	at org.sqlite.jdbc4.JDBC4Connection.prepareStatement(JDBC4Connection.java:31)
	at org.sqlite.jdbc3.JDBC3Connection.prepareStatement(JDBC3Connection.java:225)
	at org.sqlite.jdbc3.JDBC3Connection.prepareStatement(JDBC3Connection.java:205)
	at server.dao.RoomDAO.getActiveRooms(RoomDAO.java:154)
	at server.AppServer$1.run(AppServer.java:69)
	at java.base/java.util.TimerThread.mainLoop(Timer.java:572)
	at java.base/java.util.TimerThread.run(Timer.java:522)
2026-05-24 00:29:23 [Timer-0] ERROR server.dao.RoomDAO - Lỗi SQL khi lấy danh sách phòng ACTIVE
java.sql.SQLException: database connection closed
	at org.sqlite.SQLiteConnection.checkOpen(SQLiteConnection.java:418)
	at org.sqlite.jdbc4.JDBC4Connection.prepareStatement(JDBC4Connection.java:31)
	at org.sqlite.jdbc3.JDBC3Connection.prepareStatement(JDBC3Connection.java:225)
	at org.sqlite.jdbc3.JDBC3Connection.prepareStatement(JDBC3Connection.java:205)
	at server.dao.RoomDAO.getActiveRooms(RoomDAO.java:154)
	at server.AppServer$1.run(AppServer.java:69)
	at java.base/java.util.TimerThread.mainLoop(Timer.java:572)
	at java.base/java.util.TimerThread.run(Timer.java:522)
2026-05-24 00:29:24 [Timer-0] ERROR server.dao.RoomDAO - Lỗi SQL khi lấy danh sách phòng ACTIVE
java.sql.SQLException: database connection closed
	at org.sqlite.SQLiteConnection.checkOpen(SQLiteConnection.java:418)
	at org.sqlite.jdbc4.JDBC4Connection.prepareStatement(JDBC4Connection.java:31)
	at org.sqlite.jdbc3.JDBC3Connection.prepareStatement(JDBC3Connection.java:225)
	at org.sqlite.jdbc3.JDBC3Connection.prepareStatement(JDBC3Connection.java:205)
	at server.dao.RoomDAO.getActiveRooms(RoomDAO.java:154)
	at server.AppServer$1.run(AppServer.java:69)
	at java.base/java.util.TimerThread.mainLoop(Timer.java:572)
	at java.base/java.util.TimerThread.run(Timer.java:522)
2026-05-24 00:29:25 [Timer-0] ERROR server.dao.RoomDAO - Lỗi SQL khi lấy danh sách phòng ACTIVE
java.sql.SQLException: database connection closed
	at org.sqlite.SQLiteConnection.checkOpen(SQLiteConnection.java:418)
	at org.sqlite.jdbc4.JDBC4Connection.prepareStatement(JDBC4Connection.java:31)
	at org.sqlite.jdbc3.JDBC3Connection.prepareStatement(JDBC3Connection.java:225)
	at org.sqlite.jdbc3.JDBC3Connection.prepareStatement(JDBC3Connection.java:205)
	at server.dao.RoomDAO.getActiveRooms(RoomDAO.java:154)
	at server.AppServer$1.run(AppServer.java:69)
	at java.base/java.util.TimerThread.mainLoop(Timer.java:572)
	at java.base/java.util.TimerThread.run(Timer.java:522)
2026-05-24 00:29:26 [Timer-0] ERROR server.dao.RoomDAO - Lỗi SQL khi lấy danh sách phòng ACTIVE
java.sql.SQLException: database connection closed
	at org.sqlite.SQLiteConnection.checkOpen(SQLiteConnection.java:418)
	at org.sqlite.jdbc4.JDBC4Connection.prepareStatement(JDBC4Connection.java:31)
	at org.sqlite.jdbc3.JDBC3Connection.prepareStatement(JDBC3Connection.java:225)
	at org.sqlite.jdbc3.JDBC3Connection.prepareStatement(JDBC3Connection.java:205)
	at server.dao.RoomDAO.getActiveRooms(RoomDAO.java:154)
	at server.AppServer$1.run(AppServer.java:69)
	at java.base/java.util.TimerThread.mainLoop(Timer.java:572)
	at java.base/java.util.TimerThread.run(Timer.java:522)
2026-05-24 00:29:27 [Timer-0] ERROR server.dao.RoomDAO - Lỗi SQL khi lấy danh sách phòng ACTIVE
java.sql.SQLException: database connection closed
	at org.sqlite.SQLiteConnection.checkOpen(SQLiteConnection.java:418)
	at org.sqlite.jdbc4.JDBC4Connection.prepareStatement(JDBC4Connection.java:31)
	at org.sqlite.jdbc3.JDBC3Connection.prepareStatement(JDBC3Connection.java:225)
	at org.sqlite.jdbc3.JDBC3Connection.prepareStatement(JDBC3Connection.java:205)
	at server.dao.RoomDAO.getActiveRooms(RoomDAO.java:154)
	at server.AppServer$1.run(AppServer.java:69)
	at java.base/java.util.TimerThread.mainLoop(Timer.java:572)
	at java.base/java.util.TimerThread.run(Timer.java:522)
2026-05-24 00:29:28 [Timer-0] ERROR server.dao.RoomDAO - Lỗi SQL khi lấy danh sách phòng ACTIVE
java.sql.SQLException: database connection closed
	at org.sqlite.SQLiteConnection.checkOpen(SQLiteConnection.java:418)
	at org.sqlite.jdbc4.JDBC4Connection.prepareStatement(JDBC4Connection.java:31)
	at org.sqlite.jdbc3.JDBC3Connection.prepareStatement(JDBC3Connection.java:225)
	at org.sqlite.jdbc3.JDBC3Connection.prepareStatement(JDBC3Connection.java:205)
	at server.dao.RoomDAO.getActiveRooms(RoomDAO.java:154)
	at server.AppServer$1.run(AppServer.java:69)
	at java.base/java.util.TimerThread.mainLoop(Timer.java:572)
	at java.base/java.util.TimerThread.run(Timer.java:522)
2026-05-24 00:29:29 [Timer-0] ERROR server.dao.RoomDAO - Lỗi SQL khi lấy danh sách phòng ACTIVE
java.sql.SQLException: database connection closed
	at org.sqlite.SQLiteConnection.checkOpen(SQLiteConnection.java:418)
	at org.sqlite.jdbc4.JDBC4Connection.prepareStatement(JDBC4Connection.java:31)
	at org.sqlite.jdbc3.JDBC3Connection.prepareStatement(JDBC3Connection.java:225)
	at org.sqlite.jdbc3.JDBC3Connection.prepareStatement(JDBC3Connection.java:205)
	at server.dao.RoomDAO.getActiveRooms(RoomDAO.java:154)
	at server.AppServer$1.run(AppServer.java:69)
	at java.base/java.util.TimerThread.mainLoop(Timer.java:572)
	at java.base/java.util.TimerThread.run(Timer.java:522)
2026-05-24 00:29:30 [Timer-0] ERROR server.dao.RoomDAO - Lỗi SQL khi lấy danh sách phòng ACTIVE
java.sql.SQLException: database connection closed
	at org.sqlite.SQLiteConnection.checkOpen(SQLiteConnection.java:418)
	at org.sqlite.jdbc4.JDBC4Connection.prepareStatement(JDBC4Connection.java:31)
	at org.sqlite.jdbc3.JDBC3Connection.prepareStatement(JDBC3Connection.java:225)
	at org.sqlite.jdbc3.JDBC3Connection.prepareStatement(JDBC3Connection.java:205)
	at server.dao.RoomDAO.getActiveRooms(RoomDAO.java:154)
	at server.AppServer$1.run(AppServer.java:69)
	at java.base/java.util.TimerThread.mainLoop(Timer.java:572)
	at java.base/java.util.TimerThread.run(Timer.java:522)
2026-05-24 00:29:31 [Timer-0] ERROR server.dao.RoomDAO - Lỗi SQL khi lấy danh sách phòng ACTIVE
java.sql.SQLException: database connection closed
	at org.sqlite.SQLiteConnection.checkOpen(SQLiteConnection.java:418)
	at org.sqlite.jdbc4.JDBC4Connection.prepareStatement(JDBC4Connection.java:31)
	at org.sqlite.jdbc3.JDBC3Connection.prepareStatement(JDBC3Connection.java:225)
	at org.sqlite.jdbc3.JDBC3Connection.prepareStatement(JDBC3Connection.java:205)
	at server.dao.RoomDAO.getActiveRooms(RoomDAO.java:154)
	at server.AppServer$1.run(AppServer.java:69)
	at java.base/java.util.TimerThread.mainLoop(Timer.java:572)
	at java.base/java.util.TimerThread.run(Timer.java:522)
2026-05-24 00:29:32 [Timer-0] ERROR server.dao.RoomDAO - Lỗi SQL khi lấy danh sách phòng ACTIVE
java.sql.SQLException: database connection closed
	at org.sqlite.SQLiteConnection.checkOpen(SQLiteConnection.java:418)
	at org.sqlite.jdbc4.JDBC4Connection.prepareStatement(JDBC4Connection.java:31)
	at org.sqlite.jdbc3.JDBC3Connection.prepareStatement(JDBC3Connection.java:225)
	at org.sqlite.jdbc3.JDBC3Connection.prepareStatement(JDBC3Connection.java:205)
	at server.dao.RoomDAO.getActiveRooms(RoomDAO.java:154)
	at server.AppServer$1.run(AppServer.java:69)
	at java.base/java.util.TimerThread.mainLoop(Timer.java:572)
	at java.base/java.util.TimerThread.run(Timer.java:522)
2026-05-24 00:29:33 [Timer-0] ERROR server.dao.RoomDAO - Lỗi SQL khi lấy danh sách phòng ACTIVE
java.sql.SQLException: database connection closed
	at org.sqlite.SQLiteConnection.checkOpen(SQLiteConnection.java:418)
	at org.sqlite.jdbc4.JDBC4Connection.prepareStatement(JDBC4Connection.java:31)
	at org.sqlite.jdbc3.JDBC3Connection.prepareStatement(JDBC3Connection.java:225)
	at org.sqlite.jdbc3.JDBC3Connection.prepareStatement(JDBC3Connection.java:205)
	at server.dao.RoomDAO.getActiveRooms(RoomDAO.java:154)
	at server.AppServer$1.run(AppServer.java:69)
	at java.base/java.util.TimerThread.mainLoop(Timer.java:572)
	at java.base/java.util.TimerThread.run(Timer.java:522)
2026-05-24 00:29:34 [Timer-0] ERROR server.dao.RoomDAO - Lỗi SQL khi lấy danh sách phòng ACTIVE
java.sql.SQLException: database connection closed
	at org.sqlite.SQLiteConnection.checkOpen(SQLiteConnection.java:418)
	at org.sqlite.jdbc4.JDBC4Connection.prepareStatement(JDBC4Connection.java:31)
	at org.sqlite.jdbc3.JDBC3Connection.prepareStatement(JDBC3Connection.java:225)
	at org.sqlite.jdbc3.JDBC3Connection.prepareStatement(JDBC3Connection.java:205)
	at server.dao.RoomDAO.getActiveRooms(RoomDAO.java:154)
	at server.AppServer$1.run(AppServer.java:69)
	at java.base/java.util.TimerThread.mainLoop(Timer.java:572)
	at java.base/java.util.TimerThread.run(Timer.java:522)
2026-05-24 00:29:35 [Timer-0] ERROR server.dao.RoomDAO - Lỗi SQL khi lấy danh sách phòng ACTIVE
java.sql.SQLException: database connection closed
	at org.sqlite.SQLiteConnection.checkOpen(SQLiteConnection.java:418)
	at org.sqlite.jdbc4.JDBC4Connection.prepareStatement(JDBC4Connection.java:31)
	at org.sqlite.jdbc3.JDBC3Connection.prepareStatement(JDBC3Connection.java:225)
	at org.sqlite.jdbc3.JDBC3Connection.prepareStatement(JDBC3Connection.java:205)
	at server.dao.RoomDAO.getActiveRooms(RoomDAO.java:154)
	at server.AppServer$1.run(AppServer.java:69)
	at java.base/java.util.TimerThread.mainLoop(Timer.java:572)
	at java.base/java.util.TimerThread.run(Timer.java:522)
2026-05-24 00:29:36 [Timer-0] ERROR server.dao.RoomDAO - Lỗi SQL khi lấy danh sách phòng ACTIVE
java.sql.SQLException: database connection closed
	at org.sqlite.SQLiteConnection.checkOpen(SQLiteConnection.java:418)
	at org.sqlite.jdbc4.JDBC4Connection.prepareStatement(JDBC4Connection.java:31)
	at org.sqlite.jdbc3.JDBC3Connection.prepareStatement(JDBC3Connection.java:225)
	at org.sqlite.jdbc3.JDBC3Connection.prepareStatement(JDBC3Connection.java:205)
	at server.dao.RoomDAO.getActiveRooms(RoomDAO.java:154)
	at server.AppServer$1.run(AppServer.java:69)
	at java.base/java.util.TimerThread.mainLoop(Timer.java:572)
	at java.base/java.util.TimerThread.run(Timer.java:522)
2026-05-24 00:29:37 [Timer-0] ERROR server.dao.RoomDAO - Lỗi SQL khi lấy danh sách phòng ACTIVE
java.sql.SQLException: database connection closed
	at org.sqlite.SQLiteConnection.checkOpen(SQLiteConnection.java:418)
	at org.sqlite.jdbc4.JDBC4Connection.prepareStatement(JDBC4Connection.java:31)
	at org.sqlite.jdbc3.JDBC3Connection.prepareStatement(JDBC3Connection.java:225)
	at org.sqlite.jdbc3.JDBC3Connection.prepareStatement(JDBC3Connection.java:205)
	at server.dao.RoomDAO.getActiveRooms(RoomDAO.java:154)
	at server.AppServer$1.run(AppServer.java:69)
	at java.base/java.util.TimerThread.mainLoop(Timer.java:572)
	at java.base/java.util.TimerThread.run(Timer.java:522)
2026-05-24 00:29:38 [Timer-0] ERROR server.dao.RoomDAO - Lỗi SQL khi lấy danh sách phòng ACTIVE
java.sql.SQLException: database connection closed
	at org.sqlite.SQLiteConnection.checkOpen(SQLiteConnection.java:418)
	at org.sqlite.jdbc4.JDBC4Connection.prepareStatement(JDBC4Connection.java:31)
	at org.sqlite.jdbc3.JDBC3Connection.prepareStatement(JDBC3Connection.java:225)
	at org.sqlite.jdbc3.JDBC3Connection.prepareStatement(JDBC3Connection.java:205)
	at server.dao.RoomDAO.getActiveRooms(RoomDAO.java:154)
	at server.AppServer$1.run(AppServer.java:69)
	at java.base/java.util.TimerThread.mainLoop(Timer.java:572)
	at java.base/java.util.TimerThread.run(Timer.java:522)
2026-05-24 00:29:39 [Timer-0] ERROR server.dao.RoomDAO - Lỗi SQL khi lấy danh sách phòng ACTIVE
java.sql.SQLException: database connection closed
	at org.sqlite.SQLiteConnection.checkOpen(SQLiteConnection.java:418)
	at org.sqlite.jdbc4.JDBC4Connection.prepareStatement(JDBC4Connection.java:31)
	at org.sqlite.jdbc3.JDBC3Connection.prepareStatement(JDBC3Connection.java:225)
	at org.sqlite.jdbc3.JDBC3Connection.prepareStatement(JDBC3Connection.java:205)
	at server.dao.RoomDAO.getActiveRooms(RoomDAO.java:154)
	at server.AppServer$1.run(AppServer.java:69)
	at java.base/java.util.TimerThread.mainLoop(Timer.java:572)
	at java.base/java.util.TimerThread.run(Timer.java:522)
2026-05-24 00:29:40 [Timer-0] ERROR server.dao.RoomDAO - Lỗi SQL khi lấy danh sách phòng ACTIVE
java.sql.SQLException: database connection closed
	at org.sqlite.SQLiteConnection.checkOpen(SQLiteConnection.java:418)
	at org.sqlite.jdbc4.JDBC4Connection.prepareStatement(JDBC4Connection.java:31)
	at org.sqlite.jdbc3.JDBC3Connection.prepareStatement(JDBC3Connection.java:225)
	at org.sqlite.jdbc3.JDBC3Connection.prepareStatement(JDBC3Connection.java:205)
	at server.dao.RoomDAO.getActiveRooms(RoomDAO.java:154)
	at server.AppServer$1.run(AppServer.java:69)
	at java.base/java.util.TimerThread.mainLoop(Timer.java:572)
	at java.base/java.util.TimerThread.run(Timer.java:522)
2026-05-24 00:29:41 [Timer-0] ERROR server.dao.RoomDAO - Lỗi SQL khi lấy danh sách phòng ACTIVE
java.sql.SQLException: database connection closed
	at org.sqlite.SQLiteConnection.checkOpen(SQLiteConnection.java:418)
	at org.sqlite.jdbc4.JDBC4Connection.prepareStatement(JDBC4Connection.java:31)
	at org.sqlite.jdbc3.JDBC3Connection.prepareStatement(JDBC3Connection.java:225)
	at org.sqlite.jdbc3.JDBC3Connection.prepareStatement(JDBC3Connection.java:205)
	at server.dao.RoomDAO.getActiveRooms(RoomDAO.java:154)
	at server.AppServer$1.run(AppServer.java:69)
	at java.base/java.util.TimerThread.mainLoop(Timer.java:572)
	at java.base/java.util.TimerThread.run(Timer.java:522)
2026-05-24 00:29:42 [Timer-0] ERROR server.dao.RoomDAO - Lỗi SQL khi lấy danh sách phòng ACTIVE
java.sql.SQLException: database connection closed
	at org.sqlite.SQLiteConnection.checkOpen(SQLiteConnection.java:418)
	at org.sqlite.jdbc4.JDBC4Connection.prepareStatement(JDBC4Connection.java:31)
	at org.sqlite.jdbc3.JDBC3Connection.prepareStatement(JDBC3Connection.java:225)
	at org.sqlite.jdbc3.JDBC3Connection.prepareStatement(JDBC3Connection.java:205)
	at server.dao.RoomDAO.getActiveRooms(RoomDAO.java:154)
	at server.AppServer$1.run(AppServer.java:69)
	at java.base/java.util.TimerThread.mainLoop(Timer.java:572)
	at java.base/java.util.TimerThread.run(Timer.java:522)
2026-05-24 00:29:43 [Timer-0] ERROR server.dao.RoomDAO - Lỗi SQL khi lấy danh sách phòng ACTIVE
java.sql.SQLException: database connection closed
	at org.sqlite.SQLiteConnection.checkOpen(SQLiteConnection.java:418)
	at org.sqlite.jdbc4.JDBC4Connection.prepareStatement(JDBC4Connection.java:31)
	at org.sqlite.jdbc3.JDBC3Connection.prepareStatement(JDBC3Connection.java:225)
	at org.sqlite.jdbc3.JDBC3Connection.prepareStatement(JDBC3Connection.java:205)
	at server.dao.RoomDAO.getActiveRooms(RoomDAO.java:154)
	at server.AppServer$1.run(AppServer.java:69)
	at java.base/java.util.TimerThread.mainLoop(Timer.java:572)
	at java.base/java.util.TimerThread.run(Timer.java:522)
2026-05-24 00:29:44 [Timer-0] ERROR server.dao.RoomDAO - Lỗi SQL khi lấy danh sách phòng ACTIVE
java.sql.SQLException: database connection closed
	at org.sqlite.SQLiteConnection.checkOpen(SQLiteConnection.java:418)
	at org.sqlite.jdbc4.JDBC4Connection.prepareStatement(JDBC4Connection.java:31)
	at org.sqlite.jdbc3.JDBC3Connection.prepareStatement(JDBC3Connection.java:225)
	at org.sqlite.jdbc3.JDBC3Connection.prepareStatement(JDBC3Connection.java:205)
	at server.dao.RoomDAO.getActiveRooms(RoomDAO.java:154)
	at server.AppServer$1.run(AppServer.java:69)
	at java.base/java.util.TimerThread.mainLoop(Timer.java:572)
	at java.base/java.util.TimerThread.run(Timer.java:522)
2026-05-24 00:29:45 [Timer-0] ERROR server.dao.RoomDAO - Lỗi SQL khi lấy danh sách phòng ACTIVE
java.sql.SQLException: database connection closed
	at org.sqlite.SQLiteConnection.checkOpen(SQLiteConnection.java:418)
	at org.sqlite.jdbc4.JDBC4Connection.prepareStatement(JDBC4Connection.java:31)
	at org.sqlite.jdbc3.JDBC3Connection.prepareStatement(JDBC3Connection.java:225)
	at org.sqlite.jdbc3.JDBC3Connection.prepareStatement(JDBC3Connection.java:205)
	at server.dao.RoomDAO.getActiveRooms(RoomDAO.java:154)
	at server.AppServer$1.run(AppServer.java:69)
	at java.base/java.util.TimerThread.mainLoop(Timer.java:572)
	at java.base/java.util.TimerThread.run(Timer.java:522)
2026-05-24 00:29:46 [Timer-0] ERROR server.dao.RoomDAO - Lỗi SQL khi lấy danh sách phòng ACTIVE
java.sql.SQLException: database connection closed
	at org.sqlite.SQLiteConnection.checkOpen(SQLiteConnection.java:418)
	at org.sqlite.jdbc4.JDBC4Connection.prepareStatement(JDBC4Connection.java:31)
	at org.sqlite.jdbc3.JDBC3Connection.prepareStatement(JDBC3Connection.java:225)
	at org.sqlite.jdbc3.JDBC3Connection.prepareStatement(JDBC3Connection.java:205)
	at server.dao.RoomDAO.getActiveRooms(RoomDAO.java:154)
	at server.AppServer$1.run(AppServer.java:69)
	at java.base/java.util.TimerThread.mainLoop(Timer.java:572)
	at java.base/java.util.TimerThread.run(Timer.java:522)
2026-05-24 00:29:47 [Timer-0] ERROR server.dao.RoomDAO - Lỗi SQL khi lấy danh sách phòng ACTIVE
java.sql.SQLException: database connection closed
	at org.sqlite.SQLiteConnection.checkOpen(SQLiteConnection.java:418)
	at org.sqlite.jdbc4.JDBC4Connection.prepareStatement(JDBC4Connection.java:31)
	at org.sqlite.jdbc3.JDBC3Connection.prepareStatement(JDBC3Connection.java:225)
	at org.sqlite.jdbc3.JDBC3Connection.prepareStatement(JDBC3Connection.java:205)
	at server.dao.RoomDAO.getActiveRooms(RoomDAO.java:154)
	at server.AppServer$1.run(AppServer.java:69)
	at java.base/java.util.TimerThread.mainLoop(Timer.java:572)
	at java.base/java.util.TimerThread.run(Timer.java:522)
2026-05-24 00:29:48 [Timer-0] ERROR server.dao.RoomDAO - Lỗi SQL khi lấy danh sách phòng ACTIVE
java.sql.SQLException: database connection closed
	at org.sqlite.SQLiteConnection.checkOpen(SQLiteConnection.java:418)
	at org.sqlite.jdbc4.JDBC4Connection.prepareStatement(JDBC4Connection.java:31)
	at org.sqlite.jdbc3.JDBC3Connection.prepareStatement(JDBC3Connection.java:225)
	at org.sqlite.jdbc3.JDBC3Connection.prepareStatement(JDBC3Connection.java:205)
	at server.dao.RoomDAO.getActiveRooms(RoomDAO.java:154)
	at server.AppServer$1.run(AppServer.java:69)
	at java.base/java.util.TimerThread.mainLoop(Timer.java:572)
	at java.base/java.util.TimerThread.run(Timer.java:522)
2026-05-24 00:29:49 [Timer-0] ERROR server.dao.RoomDAO - Lỗi SQL khi lấy danh sách phòng ACTIVE
java.sql.SQLException: database connection closed
	at org.sqlite.SQLiteConnection.checkOpen(SQLiteConnection.java:418)
	at org.sqlite.jdbc4.JDBC4Connection.prepareStatement(JDBC4Connection.java:31)
	at org.sqlite.jdbc3.JDBC3Connection.prepareStatement(JDBC3Connection.java:225)
	at org.sqlite.jdbc3.JDBC3Connection.prepareStatement(JDBC3Connection.java:205)
	at server.dao.RoomDAO.getActiveRooms(RoomDAO.java:154)
	at server.AppServer$1.run(AppServer.java:69)
	at java.base/java.util.TimerThread.mainLoop(Timer.java:572)
	at java.base/java.util.TimerThread.run(Timer.java:522)
2026-05-24 00:29:50 [Timer-0] ERROR server.dao.RoomDAO - Lỗi SQL khi lấy danh sách phòng ACTIVE
java.sql.SQLException: database connection closed
	at org.sqlite.SQLiteConnection.checkOpen(SQLiteConnection.java:418)
	at org.sqlite.jdbc4.JDBC4Connection.prepareStatement(JDBC4Connection.java:31)
	at org.sqlite.jdbc3.JDBC3Connection.prepareStatement(JDBC3Connection.java:225)
	at org.sqlite.jdbc3.JDBC3Connection.prepareStatement(JDBC3Connection.java:205)
	at server.dao.RoomDAO.getActiveRooms(RoomDAO.java:154)
	at server.AppServer$1.run(AppServer.java:69)
	at java.base/java.util.TimerThread.mainLoop(Timer.java:572)
	at java.base/java.util.TimerThread.run(Timer.java:522)
2026-05-24 00:29:51 [Timer-0] ERROR server.dao.RoomDAO - Lỗi SQL khi lấy danh sách phòng ACTIVE
java.sql.SQLException: database connection closed
	at org.sqlite.SQLiteConnection.checkOpen(SQLiteConnection.java:418)
	at org.sqlite.jdbc4.JDBC4Connection.prepareStatement(JDBC4Connection.java:31)
	at org.sqlite.jdbc3.JDBC3Connection.prepareStatement(JDBC3Connection.java:225)
	at org.sqlite.jdbc3.JDBC3Connection.prepareStatement(JDBC3Connection.java:205)
	at server.dao.RoomDAO.getActiveRooms(RoomDAO.java:154)
	at server.AppServer$1.run(AppServer.java:69)
	at java.base/java.util.TimerThread.mainLoop(Timer.java:572)
	at java.base/java.util.TimerThread.run(Timer.java:522)
2026-05-24 00:29:52 [Timer-0] ERROR server.dao.RoomDAO - Lỗi SQL khi lấy danh sách phòng ACTIVE
java.sql.SQLException: database connection closed
	at org.sqlite.SQLiteConnection.checkOpen(SQLiteConnection.java:418)
	at org.sqlite.jdbc4.JDBC4Connection.prepareStatement(JDBC4Connection.java:31)
	at org.sqlite.jdbc3.JDBC3Connection.prepareStatement(JDBC3Connection.java:225)
	at org.sqlite.jdbc3.JDBC3Connection.prepareStatement(JDBC3Connection.java:205)
	at server.dao.RoomDAO.getActiveRooms(RoomDAO.java:154)
	at server.AppServer$1.run(AppServer.java:69)
	at java.base/java.util.TimerThread.mainLoop(Timer.java:572)
	at java.base/java.util.TimerThread.run(Timer.java:522)
2026-05-24 00:29:53 [Timer-0] ERROR server.dao.RoomDAO - Lỗi SQL khi lấy danh sách phòng ACTIVE
java.sql.SQLException: database connection closed
	at org.sqlite.SQLiteConnection.checkOpen(SQLiteConnection.java:418)
	at org.sqlite.jdbc4.JDBC4Connection.prepareStatement(JDBC4Connection.java:31)
	at org.sqlite.jdbc3.JDBC3Connection.prepareStatement(JDBC3Connection.java:225)
	at org.sqlite.jdbc3.JDBC3Connection.prepareStatement(JDBC3Connection.java:205)
	at server.dao.RoomDAO.getActiveRooms(RoomDAO.java:154)
	at server.AppServer$1.run(AppServer.java:69)
	at java.base/java.util.TimerThread.mainLoop(Timer.java:572)
	at java.base/java.util.TimerThread.run(Timer.java:522)
2026-05-24 00:29:54 [Timer-0] ERROR server.dao.RoomDAO - Lỗi SQL khi lấy danh sách phòng ACTIVE
java.sql.SQLException: database connection closed
	at org.sqlite.SQLiteConnection.checkOpen(SQLiteConnection.java:418)
	at org.sqlite.jdbc4.JDBC4Connection.prepareStatement(JDBC4Connection.java:31)
	at org.sqlite.jdbc3.JDBC3Connection.prepareStatement(JDBC3Connection.java:225)
	at org.sqlite.jdbc3.JDBC3Connection.prepareStatement(JDBC3Connection.java:205)
	at server.dao.RoomDAO.getActiveRooms(RoomDAO.java:154)
	at server.AppServer$1.run(AppServer.java:69)
	at java.base/java.util.TimerThread.mainLoop(Timer.java:572)
	at java.base/java.util.TimerThread.run(Timer.java:522)
2026-05-24 00:29:55 [Timer-0] ERROR server.dao.RoomDAO - Lỗi SQL khi lấy danh sách phòng ACTIVE
java.sql.SQLException: database connection closed
	at org.sqlite.SQLiteConnection.checkOpen(SQLiteConnection.java:418)
	at org.sqlite.jdbc4.JDBC4Connection.prepareStatement(JDBC4Connection.java:31)
	at org.sqlite.jdbc3.JDBC3Connection.prepareStatement(JDBC3Connection.java:225)
	at org.sqlite.jdbc3.JDBC3Connection.prepareStatement(JDBC3Connection.java:205)
	at server.dao.RoomDAO.getActiveRooms(RoomDAO.java:154)
	at server.AppServer$1.run(AppServer.java:69)
	at java.base/java.util.TimerThread.mainLoop(Timer.java:572)
	at java.base/java.util.TimerThread.run(Timer.java:522)
2026-05-24 00:29:56 [Timer-0] ERROR server.dao.RoomDAO - Lỗi SQL khi lấy danh sách phòng ACTIVE
java.sql.SQLException: database connection closed
	at org.sqlite.SQLiteConnection.checkOpen(SQLiteConnection.java:418)
	at org.sqlite.jdbc4.JDBC4Connection.prepareStatement(JDBC4Connection.java:31)
	at org.sqlite.jdbc3.JDBC3Connection.prepareStatement(JDBC3Connection.java:225)
	at org.sqlite.jdbc3.JDBC3Connection.prepareStatement(JDBC3Connection.java:205)
	at server.dao.RoomDAO.getActiveRooms(RoomDAO.java:154)
	at server.AppServer$1.run(AppServer.java:69)
	at java.base/java.util.TimerThread.mainLoop(Timer.java:572)
	at java.base/java.util.TimerThread.run(Timer.java:522)
2026-05-24 00:29:57 [Timer-0] ERROR server.dao.RoomDAO - Lỗi SQL khi lấy danh sách phòng ACTIVE
java.sql.SQLException: database connection closed
	at org.sqlite.SQLiteConnection.checkOpen(SQLiteConnection.java:418)
	at org.sqlite.jdbc4.JDBC4Connection.prepareStatement(JDBC4Connection.java:31)
	at org.sqlite.jdbc3.JDBC3Connection.prepareStatement(JDBC3Connection.java:225)
	at org.sqlite.jdbc3.JDBC3Connection.prepareStatement(JDBC3Connection.java:205)
	at server.dao.RoomDAO.getActiveRooms(RoomDAO.java:154)
	at server.AppServer$1.run(AppServer.java:69)
	at java.base/java.util.TimerThread.mainLoop(Timer.java:572)
	at java.base/java.util.TimerThread.run(Timer.java:522)
2026-05-24 00:29:58 [Timer-0] ERROR server.dao.RoomDAO - Lỗi SQL khi lấy danh sách phòng ACTIVE
java.sql.SQLException: database connection closed
	at org.sqlite.SQLiteConnection.checkOpen(SQLiteConnection.java:418)
	at org.sqlite.jdbc4.JDBC4Connection.prepareStatement(JDBC4Connection.java:31)
	at org.sqlite.jdbc3.JDBC3Connection.prepareStatement(JDBC3Connection.java:225)
	at org.sqlite.jdbc3.JDBC3Connection.prepareStatement(JDBC3Connection.java:205)
	at server.dao.RoomDAO.getActiveRooms(RoomDAO.java:154)
	at server.AppServer$1.run(AppServer.java:69)
	at java.base/java.util.TimerThread.mainLoop(Timer.java:572)
	at java.base/java.util.TimerThread.run(Timer.java:522)
2026-05-24 00:29:59 [Timer-0] ERROR server.dao.RoomDAO - Lỗi SQL khi lấy danh sách phòng ACTIVE
java.sql.SQLException: database connection closed
	at org.sqlite.SQLiteConnection.checkOpen(SQLiteConnection.java:418)
	at org.sqlite.jdbc4.JDBC4Connection.prepareStatement(JDBC4Connection.java:31)
	at org.sqlite.jdbc3.JDBC3Connection.prepareStatement(JDBC3Connection.java:225)
	at org.sqlite.jdbc3.JDBC3Connection.prepareStatement(JDBC3Connection.java:205)
	at server.dao.RoomDAO.getActiveRooms(RoomDAO.java:154)
	at server.AppServer$1.run(AppServer.java:69)
	at java.base/java.util.TimerThread.mainLoop(Timer.java:572)
	at java.base/java.util.TimerThread.run(Timer.java:522)
2026-05-24 00:30:00 [Timer-0] ERROR server.dao.RoomDAO - Lỗi SQL khi lấy danh sách phòng ACTIVE
java.sql.SQLException: database connection closed
	at org.sqlite.SQLiteConnection.checkOpen(SQLiteConnection.java:418)
	at org.sqlite.jdbc4.JDBC4Connection.prepareStatement(JDBC4Connection.java:31)
	at org.sqlite.jdbc3.JDBC3Connection.prepareStatement(JDBC3Connection.java:225)
	at org.sqlite.jdbc3.JDBC3Connection.prepareStatement(JDBC3Connection.java:205)
	at server.dao.RoomDAO.getActiveRooms(RoomDAO.java:154)
	at server.AppServer$1.run(AppServer.java:69)
	at java.base/java.util.TimerThread.mainLoop(Timer.java:572)
	at java.base/java.util.TimerThread.run(Timer.java:522)
2026-05-24 00:31:21 [main] INFO  server.dao.ConnectDatabase - Kết nối database thành công
2026-05-24 00:31:21 [main] INFO  server.AppServer - [SERVER] Kết nối database thành công
2026-05-24 00:31:21 [main] INFO  server.AppServer - [SERVER] Server đấu giá đang chạy trên port 8080...
2026-05-24 00:31:29 [Thread-1] INFO  server.dao.UserDAO - Người dùng b1 xác thực thành công
2026-05-24 00:31:32 [Thread-1] WARN  server.ClientHandler - Hành động không xác định GET_MY_WON_PRODUCTS
2026-05-24 00:31:33 [Thread-1] WARN  server.ClientHandler - Hành động không xác định GET_MY_WON_PRODUCTS
2026-05-24 00:31:34 [Thread-1] WARN  server.ClientHandler - Hành động không xác định GET_MY_WON_PRODUCTS
2026-05-24 00:31:35 [Thread-1] WARN  server.ClientHandler - Hành động không xác định GET_MY_WON_PRODUCTS
2026-05-24 00:32:25 [Thread-1] WARN  server.ClientHandler - Hành động không xác định GET_MY_WON_PRODUCTS
2026-05-24 00:34:26 [main] INFO  server.dao.ConnectDatabase - Kết nối database thành công
2026-05-24 00:34:26 [main] INFO  server.AppServer - [SERVER] Kết nối database thành công
2026-05-24 00:34:26 [main] INFO  server.AppServer - [SERVER] Server đấu giá đang chạy trên port 8080...
2026-05-24 00:34:32 [Thread-1] INFO  server.dao.UserDAO - Người dùng b1 xác thực thành công
2026-05-24 00:34:34 [Thread-1] WARN  server.ClientHandler - Hành động không xác định GET_MY_WON_PRODUCTS
2026-05-24 00:38:18 [main] INFO  server.dao.ConnectDatabase - Kết nối database thành công
2026-05-24 00:38:18 [main] INFO  server.AppServer - [SERVER] Kết nối database thành công
2026-05-24 00:38:18 [main] INFO  server.AppServer - [SERVER] Server đấu giá đang chạy trên port 8080...
2026-05-24 00:38:24 [Thread-1] INFO  server.dao.UserDAO - Người dùng b1 xác thực thành công
2026-05-24 00:38:26 [Thread-1] WARN  server.ClientHandler - Hành động không xác định GET_MY_WON_PRODUCTS
2026-05-24 00:38:27 [Thread-1] WARN  server.ClientHandler - Hành động không xác định GET_MY_WON_PRODUCTS
2026-05-24 00:38:28 [Thread-1] WARN  server.ClientHandler - Hành động không xác định GET_MY_WON_PRODUCTS
2026-05-24 00:38:28 [Thread-1] WARN  server.ClientHandler - Hành động không xác định GET_MY_WON_PRODUCTS
2026-05-24 00:38:28 [Thread-1] WARN  server.ClientHandler - Hành động không xác định GET_MY_WON_PRODUCTS
2026-05-24 00:44:53 [main] INFO  server.dao.ConnectDatabase - Kết nối database thành công
2026-05-24 00:44:53 [main] INFO  server.AppServer - [SERVER] Kết nối database thành công
2026-05-24 00:44:53 [main] INFO  server.AppServer - [SERVER] Server đấu giá đang chạy trên port 8080...
2026-05-24 00:45:02 [Thread-1] INFO  server.dao.UserDAO - Người dùng b1 xác thực thành công
2026-05-24 00:52:39 [main] INFO  server.dao.ConnectDatabase - Kết nối database thành công
2026-05-24 00:52:39 [main] INFO  server.AppServer - [SERVER] Kết nối database thành công
2026-05-24 00:52:39 [main] INFO  server.AppServer - [SERVER] Server đấu giá đang chạy trên port 8080...
2026-05-24 00:52:45 [Thread-1] INFO  server.dao.UserDAO - Người dùng b1 xác thực thành công
2026-05-24 00:57:33 [main] INFO  server.dao.ConnectDatabase - Kết nối database thành công
2026-05-24 00:57:33 [main] INFO  server.AppServer - [SERVER] Kết nối database thành công
2026-05-24 00:57:33 [main] INFO  server.AppServer - [SERVER] Server đấu giá đang chạy trên port 8080...
2026-05-24 00:57:39 [Thread-1] INFO  server.dao.UserDAO - Người dùng b1 xác thực thành công
2026-05-24 01:05:01 [main] INFO  server.dao.ConnectDatabase - Kết nối database thành công
2026-05-24 01:05:01 [main] INFO  server.AppServer - [SERVER] Kết nối database thành công
2026-05-24 01:05:01 [main] INFO  server.AppServer - [SERVER] Server đấu giá đang chạy trên port 8080...
2026-05-24 01:05:07 [Thread-1] INFO  server.dao.UserDAO - Người dùng b1 xác thực thành công
2026-05-24 01:07:22 [main] INFO  server.dao.ConnectDatabase - Kết nối database thành công
2026-05-24 01:07:22 [main] INFO  server.AppServer - [SERVER] Kết nối database thành công
2026-05-24 01:07:22 [main] INFO  server.AppServer - [SERVER] Server đấu giá đang chạy trên port 8080...
2026-05-24 01:07:27 [Thread-1] INFO  server.dao.UserDAO - Người dùng b1 xác thực thành công
2026-05-24 01:09:49 [main] INFO  server.dao.ConnectDatabase - Kết nối database thành công
2026-05-24 01:09:49 [main] INFO  server.AppServer - [SERVER] Kết nối database thành công
2026-05-24 01:09:49 [main] INFO  server.AppServer - [SERVER] Server đấu giá đang chạy trên port 8080...
2026-05-24 01:09:56 [Thread-1] INFO  server.dao.UserDAO - Người dùng b1 xác thực thành công
2026-05-24 01:11:13 [main] INFO  server.dao.ConnectDatabase - Kết nối database thành công
2026-05-24 01:11:13 [main] INFO  server.AppServer - [SERVER] Kết nối database thành công
2026-05-24 01:11:13 [main] INFO  server.AppServer - [SERVER] Server đấu giá đang chạy trên port 8080...
2026-05-24 01:11:20 [Thread-1] INFO  server.dao.UserDAO - Người dùng b1 xác thực thành công
2026-05-24 14:19:58 [main] INFO  server.dao.ConnectDatabase - Kết nối database thành công
2026-05-24 14:19:58 [main] INFO  server.AppServer - [SERVER] Kết nối database thành công
2026-05-24 14:19:58 [main] INFO  server.AppServer - [SERVER] Server đấu giá đang chạy trên port 8080...
2026-05-24 14:20:25 [Thread-1] INFO  server.dao.UserDAO - Người dùng hungdz xác thực thành công
2026-05-24 14:20:59 [Thread-2] INFO  server.dao.UserDAO - Người dùng hung xác thực thành công
2026-05-24 14:21:29 [Thread-3] INFO  server.dao.UserDAO - Người dùng admin xác thực thành công
2026-05-24 14:22:36 [Thread-1] INFO  server.dao.WalletDAO - Giao dịch thành công: User hungdz | Type: DEPOSIT | Amount: 100000000
2026-05-24 14:23:18 [Thread-4] INFO  server.dao.UserDAO - Người dùng hungdz1 xác thực thành công
2026-05-24 14:23:32 [JavaFX Application Thread] INFO  server.dao.ConnectDatabase - Kết nối database thành công
2026-05-24 14:25:25 [Thread-4] INFO  server.dao.WalletDAO - Giao dịch thành công: User hungdz1 | Type: DEPOSIT | Amount: 100000000
2026-05-24 14:25:29 [JavaFX Application Thread] INFO  server.dao.ConnectDatabase - Kết nối database thành công
2026-05-24 14:30:04 [main] INFO  server.dao.ConnectDatabase - Kết nối database thành công
2026-05-24 14:30:04 [main] INFO  server.AppServer - [SERVER] Kết nối database thành công
2026-05-24 14:30:04 [main] INFO  server.AppServer - [SERVER] Server đấu giá đang chạy trên port 8080...
2026-05-24 14:30:23 [Thread-1] INFO  server.dao.UserDAO - Người dùng hungdz xác thực thành công
2026-05-24 14:30:35 [Thread-2] INFO  server.dao.UserDAO - Người dùng hungdz1 xác thực thành công
2026-05-24 14:31:01 [Thread-3] INFO  server.dao.UserDAO - Người dùng hung xác thực thành công
2026-05-24 14:32:05 [JavaFX Application Thread] INFO  server.dao.ConnectDatabase - Kết nối database thành công
2026-05-24 18:56:34 [main] INFO  server.dao.ConnectDatabase - Kết nối database thành công
2026-05-24 18:56:34 [main] INFO  server.AppServer - [SERVER] Kết nối database thành công
2026-05-24 18:56:34 [main] INFO  server.AppServer - [SERVER] Server đấu giá đang chạy trên port 8080...
2026-05-24 18:56:41 [Thread-1] INFO  server.dao.UserDAO - Người dùng b1 xác thực thành công
2026-05-24 18:59:13 [Thread-2] INFO  server.dao.UserDAO - Người dùng s1 xác thực thành công
2026-05-24 19:01:14 [Thread-2] WARN  server.AppServer - [SERVER] Không tìm thấy admin để gửi thông báo
2026-05-24 19:01:27 [Thread-3] INFO  server.dao.UserDAO - Người dùng admin xác thực thành công
2026-05-24 19:01:52 [Thread-4] INFO  server.dao.UserDAO - Người dùng b1 xác thực thành công
2026-05-24 19:02:00 [Thread-5] INFO  server.dao.UserDAO - Người dùng b2 xác thực thành công
2026-05-24 19:27:54 [main] INFO  server.dao.ConnectDatabase - Kết nối database thành công
2026-05-24 19:27:54 [main] INFO  server.AppServer - [SERVER] Kết nối database thành công
2026-05-24 19:27:54 [main] INFO  server.AppServer - [SERVER] Server đấu giá đang chạy trên port 8080...
2026-05-24 19:28:31 [Thread-1] INFO  server.dao.UserDAO - Người dùng b1 xác thực thành công
2026-05-24 19:36:03 [Thread-2] INFO  server.dao.UserDAO - Người dùng b1 xác thực thành công
2026-05-24 19:43:08 [Thread-1] ERROR server.ClientHandler - Lỗi kết nối với Client b1: Connection reset
2026-05-24 19:43:10 [Thread-2] ERROR server.ClientHandler - Lỗi kết nối với Client b1: Connection reset
2026-05-24 19:43:15 [Thread-3] INFO  server.dao.UserDAO - Người dùng b1 xác thực thành công
2026-05-24 19:56:08 [main] INFO  server.dao.ConnectDatabase - Kết nối database thành công
2026-05-24 19:56:08 [main] INFO  server.AppServer - [SERVER] Kết nối database thành công
2026-05-24 19:56:08 [main] INFO  server.AppServer - [SERVER] Server đấu giá đang chạy trên port 8080...
2026-05-24 19:56:17 [Thread-1] INFO  server.dao.UserDAO - Người dùng b1 xác thực thành công
2026-05-24 19:56:42 [Thread-2] INFO  server.dao.UserDAO - Người dùng b2 xác thực thành công
